"TFH Associated (2,297)","TH1 Associated (1,962)",Group I (888),Group II (821),Group III (740),Group IV (1337)
0610009L18Rik,0610040F04Rik,0610007L01RIK,1110007C09RIK,1110008L16RIK,1110019D14RIK
0610011F06Rik,1110001J03Rik,0610040F04RIK,1110031I02RIK,1110020G09RIK,1110032A03RIK
1110002N22Rik,1110007C09Rik,1190002F15RIK,1110038D17RIK,1110038B12RIK,1110032F04RIK
1110008F13Rik,1110021J02Rik,1500009L16RIK,1190002N15RIK,1500012F01RIK,1110034G24RIK
1110008L16Rik,1110034A24Rik,1500010J02RIK,1600002H07RIK,1700040L02RIK,1110051M20RIK
1110020G09Rik,1110038D17Rik,1700017B05RIK,1700001O22RIK,1810032O08RIK,1190002H23RIK
1110032A03Rik,1190002F15Rik,1700029F09RIK,1700020L24RIK,2010005H15RIK,1190005F20RIK
1110032F04Rik,1500009L16Rik,1700054N08RIK,1700040I03RIK,2210404O09RIK,1190007I07RIK
1110034G24Rik,1500010J02Rik,2010109K11RIK,1810013L24RIK,2210411K11RIK,1300018J18RIK
1110038B12Rik,1600002H07Rik,2010111I01RIK,2210404O07RIK,2210417K05RIK,1500011H22RIK
1110051M20Rik,1700012B07Rik,2010300C02RIK,2310061C15RIK,2310030N02RIK,1500011K16RIK
1190005F20Rik,1700017B05Rik,2010317E24RIK,2410066E13RIK,2310034G01RIK,1600016N20RIK
1190005I06Rik,1700020I14Rik,2510039O18RIK,2410075B13RIK,2310061J03RIK,1700001G11RIK
1190007I07Rik,1700020L24Rik,2610002D18RIK,2610039C10RIK,2410004N09RIK,1700010I14RIK
1300018I17Rik,1700026L06Rik,2610020C07RIK,2700099C18RIK,2410016O06RIK,1700019D03RIK
1300018J18Rik,1700028J19Rik,2610020H08RIK,2810025M15RIK,2410089E03RIK,1700019E19RIK
1500011B03Rik,1700029F09Rik,2610021K21RIK,2810442I21RIK,2410127L17RIK,1700019L03RIK
1500011H22Rik,1700040I03Rik,2610318N02RIK,2900041M22RIK,2510003E04RIK,1700021C14RIK
1500011K16Rik,1700066M21Rik,2700029M09RIK,4930427A07RIK,2610019F03RIK,1700027F09RIK
1500012F01Rik,1810035I16Rik,2700094K13RIK,4930428O21RIK,2810403D21RIK,1700049G17RIK
1600016N20Rik,1810037I17Rik,2700097O09RIK,4930453N24RIK,4922501C03RIK,1700052K11RIK
1700001G11Rik,2010111I01Rik,2810001G20RIK,4930478L05RIK,4930420K17RIK,1810043G02RIK
1700007L15Rik,2010300C02Rik,2810030E01RIK,4930579G24RIK,4930550C14RIK,2010002M12RIK
1700010I14Rik,2010317E24Rik,2810408I11RIK,4933404O12RIK,4930583H14RIK,2010011I20RIK
1700012D01Rik,2210404O07Rik,2810417H13RIK,4933411E08RIK,4932411L15,2010015L04RIK
1700019D03Rik,2310003H01Rik,2810468N07RIK,5830411N06RIK,4933407H18RIK,2010016I18RIK
1700019L03Rik,2310057M21Rik,3110045C21RIK,6230409E13RIK,4933407K13RIK,2010107G23RIK
1700021C14Rik,2310061C15Rik,3200002M19RIK,6330439K17RIK,4933412E12RIK,2010109I03RIK
1700025K23Rik,2410004B18Rik,4632434I11RIK,6330503K22RIK,4933439C10RIK,2200002D01RIK
1700029G01Rik,2410042D21Rik,4831426I19RIK,6330512M04RIK,5430421N21RIK,2210013O21RIK
1700034F02Rik,2410075B13Rik,4930422G04RIK,6720489N17RIK,5830428M24RIK,2310001H17RIK
1700040L02Rik,2510012J08Rik,4930486L24RIK,8430406I07RIK,6530402F18RIK,2310015A10RIK
1700049G17Rik,2610002D18Rik,4930523C07RIK,9130023H24RIK,6720401G13RIK,2310016M24RIK
1700052K11Rik,2610020C07Rik,4930534B04RIK,9130206I24RIK,6720456H20RIK,2310022B05RIK
1700106N22Rik,2610020H08Rik,4930547N16RIK,9430015G10RIK,9030617O03RIK,2310035K24RIK
1810043G02Rik,2610021K21Rik,4930558J18RIK,9930012K11RIK,9430008C03RIK,2310047B19RIK
2010002M12Rik,2610039C10Rik,4930581F22RIK,A030009H04RIK,A230046K03RIK,2410002F23RIK
2010011I20Rik,2610318N02Rik,4931406H21RIK,A430005L14RIK,A2LD1,2410022L05RIK
2010015L04Rik,2700029M09Rik,5430427O19RIK,AA467197,AA388235,2610008E11RIK
2010016I18Rik,2700094K13Rik,5730590G19RIK,ABCB1A,AB124611,2610015P09RIK
2010107G23Rik,2700097O09Rik,6720463M24RIK,ABI3,ABCA1,2610035D17RIK
2010107H07Rik,2700099C18Rik,A430078G23RIK,ACAT2,ABCA3,2610301B20RIK
2010109I03Rik,2810001G20Rik,A630055G03RIK,ACER3,ABCC1,2610528E23RIK
2210013O21Rik,2810025M15Rik,A630066F11RIK,ACOXL,ABCC4,2810405K02RIK
2210016F16Rik,2810408A11Rik,A930015D03RIK,ACPL2,ABCG2,2810454H06RIK
2210404O09Rik,2810408I11Rik,AAAS,ACSBG1,ABHD14A,2900005J15RIK
2210411K11Rik,2810417H13Rik,AAK1,ACSS2,ABHD14B,2900008C10RIK
2210417K05Rik,2810468N07Rik,ABCG3,ACTN2,ABHD6,3000002C10RIK
2310001H17Rik,2900041M22Rik,ACAA2,AGFG2,ACAD11,3110043O21RIK
2310015A10Rik,2900064A13Rik,ACADL,AGPAT9,ACTR3B,3110082I17RIK
2310016M24Rik,3110003A17Rik,ACAP3,AI504432,ADCK1,4632415K11RIK
2310022B05Rik,3110045C21Rik,ACOT9,AI506816,ADCK5,4632427E13RIK
2310030N02Rik,3110052M02Rik,ACSL4,AIRN,ADCY3,4732471D19RIK
2310037I24Rik,3200002M19Rik,ACSL5,AKR1C13,ADHFE1,4831440E17RIK
2310044H10Rik,4632434I11Rik,ADA,ALDH16A1,ADPGK,4930417O13RIK
2310061J03Rik,4831426I19Rik,ADAM19,ALG6,AFF3,4930452B06RIK
2310067B10Rik,4833417C18Rik,ADAM22,ALOX8,AGFG1,4930473A06RIK
2410002F23Rik,4833419F23Rik,ADAM8,AMDHD2,AGPAT5,4930481A15RIK
2410004N09Rik,4930422G04Rik,ADAP1,ANAPC5,AI316807,4930578N16RIK
2410006H16Rik,4930427A07Rik,ADRB1,ANKLE1,AI480653,4930599N23RIK
2410016O06Rik,4930428O21Rik,ADRB2,ANKRD32,AIM2,4932438H23RIK
2410018M08Rik,4930430J02Rik,AES,ANLN,AKAP1,4933403F05RIK
2410022L05Rik,4930432K21Rik,AGPAT4,ANUBL1,AKAP11,4933403G14RIK
2410131K14Rik,4930453N24Rik,AGPS,APITD1,AKAP9,4933406I18RIK
2510003E04Rik,4930478L05Rik,AHDC1,APLF,AKIRIN2,4933427D14RIK
2610005L07Rik,4930486L24Rik,AHNAK,APOBEC2,AKR1E1,5330417C22RIK
2610008E11Rik,4930503L19Rik,AI847159,APOBR,ALDH2,5730409E04RIK
2610015P09Rik,4930523C07Rik,AIM1,ARF6,ALDH4A1,6330403K07RIK
2610019F03Rik,4930534B04Rik,AK3,ARL11,AMFR,6430527G18RIK
2610035D17Rik,4930547N16Rik,ALCAM,ARL15,ANKRD13B,6430548M08RIK
2610206C17Rik,4930558J18Rik,ALG10B,ARMC7,ANKRD23,6430562O15RIK
2610301B20Rik,4930579G24Rik,ALG8,ARSB,ANKRD29,9230110C19RIK
2610307P16Rik,4930581F22Rik,ALMS1,ASF1B,ANP32A,9430091E24RIK
2610528E23Rik,4931406H21Rik,ALYREF,ASPH,APBB2,A130040M12RIK
2810021J22Rik,4933404O12Rik,AMICA1,ATP1A2,APOA2,A230050P20RIK
2810405K02Rik,5033406O09Rik,ANAPC11,AURKA,APOBEC1,A430071A18RIK
2810454H06Rik,5330426P16Rik,ANK3,AURKB,AR,A430088P11RIK
2900008C10Rik,5430427O19Rik,ANKRD50,B230312A22RIK,ARHGAP5,A430107P09RIK
3110043O21Rik,5730590G19Rik,ANO10,B3GAT3,ARHGEF4,A530072M11RIK
3110057O12Rik,5830411N06Rik,ANP32E,B930018H19,ARHGEF9,A530088E08RIK
3110082I17Rik,6230409E13Rik,ANXA1,BAK1,ARID5A,A930024E05RIK
4632415K11Rik,6330439K17Rik,ANXA2,BANF1,ARMC3,AACS
4632427E13Rik,6330503K22Rik,ANXA4,BARD1,ARMCX2,AARS2
4921517L17Rik,6530418L21Rik,ANXA6,BC004004,ARMCX3,ABCC3
4921530L18Rik,6720463M24Rik,ANXA8,BC013712,ARMCX6,ABCC5
4930413G21Rik,6720489N17Rik,APOLD1,BC030867,ARRDC4,ABCG1
4930417O13Rik,8430406I07Rik,APPL1,BC049352,ASB13,ABHD4
4930420K17Rik,9030619P08Rik,ARAP2,BC064078,ASCC1,ABHD8
4930444A02Rik,9130023H24Rik,ARHGAP11A,BCL2L1,ATIC,ABI2
4930452B06Rik,9130206I24Rik,ARHGAP17,BEND4,ATPBD4,ABTB2
4930473A06Rik,9230114K14Rik,ARHGAP19,BIK,ATXN2,ACAA1B
4930481A15Rik,9430015G10Rik,ARHGAP33,BTBD10,AW549877,ACACB
4930506M07Rik,9630033F20Rik,ARID3B,BZRAP1,AXL,ACAD10
4930520O04Rik,9930012K11Rik,ARL4C,C1QTNF6,B230217C12RIK,ACAD12
4930578N16Rik,A030009H04Rik,ARL4D,C630004H02RIK,B4GALT4,ACADSB
4930583H14Rik,A230065H16Rik,ARL5A,CACNA1I,B630005N14RIK,ACER2
4930599N23Rik,A330023F24Rik,ARL6IP6,CACNB1,B930041F14RIK,ACOT11
4932438H23Rik,A430005L14Rik,ARL8A,CAMK2N1,BACH2,ACP5
4933403G14Rik,A430078G23Rik,ARMC2,CAPRIN2,BAG2,ACPP
4933407H18Rik,A430090L17Rik,ASB1,CAR5B,BBS10,ACSF2
4933407K13Rik,A630007B06Rik,ASPM,CASP7,BBS4,ACSL1
4933412E12Rik,A630066F11Rik,ATAD2,CBX5,BC005561,ACSL3
4933426M11Rik,A930015D03Rik,ATAD5,CCDC101,BC024659,ACTA2
4933439C10Rik,AA467197,ATG5,CCDC109A,BC033916,ACTN1
5430402O13Rik,Aaas,ATG9B,CCDC14,BCL2,ACVR1B
5430405H02Rik,Aak1,ATL2,CCDC22,BCL6,ACY3
5430417L22Rik,Aarsd1,ATP2B4,CCDC63,BCL7C,ACYP1
5430421N21Rik,Abcb1a,ATP8A2,CCDC69,BIRC3,ADAMTS3
5730403B10Rik,Abcb6,ATP8B2,CCL27A,BIVM,ADAMTS6
5730577I03Rik,Abcg3,ATP8B4,CCL3,BLOC1S2,ADAMTSL4
5830416I19Rik,Acadl,ATRNL1,CCL4,BMYC,ADAR
5830428M24Rik,Acap3,ATXN1,CCL5,BOD1,ADCK3
6330403K07Rik,Acat2,AVEN,CCL9,BOD1L,ADCK4
6430527G18Rik,Acot8,AW112010,CCND3,BRAP,ADK
6430548M08Rik,Acot9,AW146020,CCNE1,BST1,ADSSL1
6430562O15Rik,Acoxl,B230118H07RIK,CCNF,BST2,AFAP1
6530402F18Rik,Acpl2,B4GALT1,CCR2,BTBD1,AFP
6720401G13Rik,Acsbg1,B4GALT5,CCR3,BTBD2,AGL
6720456H20Rik,Acsl4,B4GALT7,CCR5,BZW2,AHI1
9030617O03Rik,Acsl5,BAG1,CCR8,C030044B11RIK,AI854703
9330151L19Rik,Acss2,BAIAP3,CCR9,CABIN1,AICDA
9430008C03Rik,Actb,BAZ1A,CD109,CACNA1A,AK4
9430091E24Rik,Actg1,BC030307,CD200R4,CACNA1S,AKAP12
9930021J03Rik,Actl6a,BC030336,CD226,CALCOCO1,AKAP2
A130010J15Rik,Actn2,BC055324,CD244,CAMK2D,AKAP6
A230046K03Rik,Actn4,BC068157,CD24A,CAMSAP2,AKAP7
A230050P20Rik,Actr1a,BCL2L11,CD38,CAPN3,AKAP8L
A230051G13Rik,Actr3,BCL9L,CD55,CAPNS1,AKR1B8
A230072E10Rik,Acy1,BHLHE40,CD79A,CAR7,AKR7A5
A2ld1,Acyp2,BIN1,CD79B,CARD6,ALDH1B1
A330050B17Rik,Ada,BIRC5,CD86,CARF,ALDH5A1
A430033K04Rik,Adam19,BLM,CDC42EP3,CARM1,ALDH6A1
A530072M11Rik,Adam22,BRCA1,CDC45,CASKIN2,ALDOC
A530088E08Rik,Adam8,BRCA2,CDC7,CASP4,ALPL
A730011L01Rik,Adamts14,BRIP1,CDCA5,CBR4,ALS2CL
A730017L22Rik,Adap1,BSPRY,CDCP2,CCDC125,ALS2CR4
A930005H10Rik,Adrb1,BTBD19,CDK1,CCDC17,AMACR
A930013F10Rik,Adrb2,BTG2,CDK2,CCDC58,AMIGO2
A930024E05Rik,Agfg2,BUB1,CDKN2C,CCDC64,AMPD3
AA388235,Agpat4,BUB1B,CDT1,CCDC88B,AMZ2
AA474331,Agtpbp1,BYSL,CDYL,CCDC90A,ANGEL1
AB124611,Ahcy,C030019I05RIK,CENPJ,CCDC90B,ANGPTL2
Abat,Ahdc1,C330027C09RIK,CENPN,CCL25,ANKRD13D
Abca1,Ahnak,CACNB4,CENPT,CCNJ,ANKRD28
Abca3,AI506816,CALR,CEP72,CCR4,ANKRD37
Abcc1,AI646023,CAMK2G,CHAF1B,CCR6,ANKRD46
Abcc10,AI847159,CARD10,CHEK2,CCR7,ANKRD55
Abcc3,Aim1,CARHSP1,CHIT1,CD2AP,AP1M2
Abcc5,Airn,CASC5,CHN2,CD9,APBA3
Abcd3,Ak3,CASP3,CHPT1,CDON,APEX1
Abcf2,Akap17b,CASP8AP2,CHRNE,CELSR1,APOL9B
Abcg1,Akr1c12,CAST,CHST11,CENPV,APP
Abhd13,Akr1c13,CAV2,CHSY1,CEP290,ARHGAP29
Abhd14a,Alcam,CBX2,CIB2,CHAC2,ARHGAP32
Abhd4,Aldh16a1,CCBL2,CISH,CHCHD10,ARHGAP39
Abhd6,Alg6,CCDC123,CKAP2L,CHD1,ARHGEF10
Abhd8,Alg8,CCDC18,CLCF1,CHD2,ARHGEF11
Abi2,Alms1,CCDC34,CLCN5,CHIC1,ARID5B
Ablim1,Alox8,CCDC77,CLEC1B,CHIC2,ARL5C
Abtb2,Alpk2,CCDC99,CLIC5,CHRNB1,ARL6
Acaa1b,Amdhd2,CCHCR1,CMPK1,CHRNB2,ARMC9
Acad10,Amica1,CCL1,CMTM7,CLEC2I,ARRB1
Acad11,Anapc11,CCNA2,CNNM4,CLPTM1L,ARSG
Acadsb,Anapc5,CCNB1,CNTNAP1,CMPK2,ART2B
Acbd6,Angptl4,CCNB2,CNTROB,COQ10A,ART3
Acer2,Ank3,CCND2,COPG2,COQ2,ARXES2
Acot11,Ankle1,CCNE2,CORO2A,CPM,ASAH2
Acot2,Ankrd32,CCNG2,CREB3L1,CPNE3,ASAP1
Acp5,Ankrd44,CCR1,CRIM1,CPNE8,ASAP2
Acp6,Ankrd50,CCRL2,CRLS1,CRTAM,ASB2
Acpp,Anln,CD47,CROT,CSF2RA,ASCL2
Acsl3,Anp32e,CD48,CRYBA4,CSNK1G3,ASNS
Acss1,Anubl1,CD70,CRYBB1,CTAGE5,ATAD3A
Acta2,Anxa1,CD80,CSF1,CTDNEP1,ATCAY
Actn1,Anxa2,CD96,CSF1R,CTDP1,ATMIN
Actr5,Anxa4,CD97,CSNK1G2,CXCL10,ATP1A3
Acyp1,Anxa5,CDC20,CSRP1,CYB5,ATP1B1
Adamts3,Anxa6,CDC25B,CSRP2,D330023K18RIK,ATP6V1G3
Adamts6,Anxa8,CDC25C,CTLA4,D3ERTD254E,ATP9A
Adamtsl4,Ap2a2,CDC27,CTPS,D830031N03RIK,AU041133
Adar,Apitd1,CDC6,CTSA,DBT,AVIL
Adarb1,Aplf,CDCA2,CTSC,DCXR,AW011738
Adck1,Aplp2,CDCA3,CTSD,DDIT4,AZI1
Adck3,Apobec2,CDCA7,CX3CR1,DEGS2,B230217O12RIK
Adck4,Apobr,CDCA8,CXCR6,DEXI,B3GNT9-PS
Adck5,Apol10b,CDH17,CYBA,DGCR6,B4GALNT4
Adcy3,Apold1,CDK19,CYP51,DGUOK,B9D1
Adh1,Apoo,CDKN1A,D030056L22RIK,DHRS11,BACE2
Adhfe1,Appl1,CDKN2B,D1ERTD622E,DHRS3,BAG3
Adi1,Aprt,CDKN3,D430020J02RIK,DHX36,BAMBI-PS1
Adk,Arap2,CELF4,D630039A03RIK,DIAP2,BATF
Adpgk,Arg1,CELF5,D8ERTD82E,DIP2B,BAZ2B
Afap1,Arhgap11a,CENPA,D930048N14RIK,DNAHC8,BBS1
Aff3,Arhgap17,CENPE,DAB2IP,DNAJC27,BBS12
Aff4,Arhgap19,CENPF,DAP,DNASE1L2,BBS2
Afp,Arhgap33,CENPH,DBF4,DNMBP,BC006779
Aftph,Arhgdia,CENPI,DBNDD2,DOCK9,BC016423
Agfg1,Arhgef18,CENPK,DCBLD2,DOPEY1,BC017612
Agl,Arhgef2,CENPL,DCP1B,DPH1,BC017647
Agpat5,Arl11,CENPM,DCTPP1,DPP4,BC018242
Ahi1,Arl15,CENPP,DDAH2,DPY19L3,BC021614
AI316807,Arl4c,CENPW,DDR1,DUS4L,BC031353
AI480653,Arl5a,CEP55,DDX28,DYRK2,BC035044
AI837181,Arl6ip1,CEP57,DENND3,E2F5,BC048403
AI854703,Arl6ip5,CERCAM,DEPDC1B,EBI3,BC057022
Aicda,Arl6ip6,CHAF1A,DERL3,EEF1B2,BCAT1
Aim2,Armc2,CHD7,DGKH,EHD3,BCKDHB
Ak7,Armc7,CHEK1,DHCR24,EIF2AK2,BCL2L14
Akap1,Arpc5,CHST10,DLGAP5,EIF3F,BCL3
Akap11,Arpp19,CHST12,DNAHC11,ELK4,BCL7A
Akap12,Arsb,CHTF18,DNAJB1,EMB,BCL9
Akap2,Asb1,CIT,DNAJB13,EML4,BCOR
Akap5,Asb6,CKAP2,DNAJB9,ENKUR,BEND3
Akap6,Asf1b,CKAP5,DNAJC1,EPN2,BICD1
Akap8l,Asph,CKS1B,DNAJC25,ERLIN1,BLCAP
Akirin2,Aspm,CKS2,DNMT1,ETV6,BMP7
Akr1b8,Asrgl1,CLDN25,DOCK5,EVL,BNIP3
Akr1e1,Atad2,CLDND2,DPEP2,EXPH5,BPGM
Akr7a5,Atad5,CLIC4,DSP,FAHD1,BPHL
Aldh1b1,Atf1,CLSPN,DTX1,FAM162A,BRDT
Aldh2,Atg4d,CMAH,DUSP3,FAM168A,BTBD6
Aldh4a1,Atg5,CMTM4,DUSP7,FAM168B,BTG1
Aldh5a1,Atg9b,CNTD1,DYNC1LI2,FAM199X,BTLA
Aldh6a1,Atl2,COBLL1,DYNLT1A,FAM35A,C030006K11RIK
Aldoc,Atp10d,COCH,E130303B06RIK,FAM69B,C130039O16RIK
Alkbh1,Atp13a3,CPD,E230016K23RIK,FAM73A,C1QTNF4
Alkbh2,Atp1a2,CPNE7,E2F1,FAM82B,C78339
Alkbh6,Atp2a3,CPOX,E2F7,FASTKD2,C80913
Alox5ap,Atp2b4,CRELD2,E2F8,FBXO28,C920006O11RIK
Alpl,Atp8a2,CRIP1,E330016A19RIK,FBXO4,CABLES1
Als2cl,Atp8b2,CRMP1,ECT2,FBXW9,CACNA1B
Amacr,Atp8b4,CRYBG3,EDARADD,FCHSD2,CACNA1D
Amfr,Atxn1,CSDA,EFCAB4B,FHL3,CACNA2D4
Amigo2,Aurka,CTDSP1,EHD4,FOSB,CAMKK1
Ampd3,Aurkb,CTLA2A,ELMO2,FOXO1,CAND2
Amz2,AW112010,CTLA2B,EME1,FOXRED2,CAPSL
Angel1,Awat2,CTNNA1,EMP3,FPGS,CAR12
Angptl2,Azi2,CTNNBIP1,ENTPD1,FRMD4A,CASC1
Ank,B130006D01Rik,CTSW,EPAS1,FUBP3,CASD1
Ankib1,B230118H07Rik,CUEDC2,EPDR1,FXR2,CASK
Ankmy2,B230208H11Rik,CYCS,EPSTI1,GADD45G,CASS4
Ankrd12,B3galtl,CYP2S1,ERCC6L,GALNT1,CBR1
Ankrd13a,B3gat3,D16ERTD472E,ERI1,GAR1,CBX6
Ankrd13b,B4galt1,D19ERTD737E,ERO1LB,GAS5,CBX7
Ankrd23,B4galt5,D2ERTD750E,ERRFI1,GATSL2,CCDC102A
Ankrd28,B4galt7,D930014E17RIK,ETHE1,GATSL3,CCDC122
Ankrd37,B930018H19,D930028M14RIK,ETS2,GBE1,CCDC126
Ankrd46,Baiap3,DAPK2,EXOSC8,GBP10,CCDC141
Ankrd55,Bambi,DCAF10,EYA2,GCLC,CCDC142
Ankzf1,Banf1,DCAF15,F2R,GCLM,CCDC157
Ano7,Bard1,DCLK2,F2RL2,GGA2,CCDC164
Anp32a,Baz1a,DCLRE1A,F2RL3,GLDC,CCDC28A
Ap1ar,BC004004,DCUN1D3,FADS1,GLRX5,CCDC28B
Ap1m2,BC013712,DDX39,FAM102B,GM11696,CCDC30
Ap3b1,BC016495,DEGS1,FAM129A,GM11974,CCDC67
Apba3,BC020402,DEK,FAM160A2,GM12185,CCDC86
Apbb2,BC030307,DENND1B,FAM185A,GM13051,CCDC91
Apc,BC030867,DENND2C,FAM188A,GM15706,CCL6
Apex1,BC032203,DENND4A,FAM19A3,GM16516,CCM2
Apobec1,BC049352,DENND5A,FAM46A,GM17296,CCNY
Apol9b,BC052040,DEPDC1A,FAM82A1,GM19757,CCS
Ar,BC055324,DGAT1,FAM83D,GM20139,CD101
Arf3,BC064078,DHFR,FAM83H,GM20199,CD160
Arhgap29,Bcl2l1,DHRS13,FANCC,GM20324,CD200
Arhgap39,Bcl2l11,DIAP3,FANCL,GM3002,CD200R3
Arhgap5,Bcl6b,DKKL1,FASL,GM4636,CD22
Arhgef10,Bcl9l,DNA2,FBXL2,GM6548,CD27
Arhgef11,Bend4,DNAJB11,FBXO27,GM6654,CD320
Arhgef4,Bhlha15,DNAJC15,FBXO30,GM6907,CD3EAP
Arhgef9,Bhlhe40,DNAJC9,FBXO48,GM885,CD68
Arid1b,Bik,DNMT3B,FBXO5,GMCL1,CD69
Arid5a,Bin1,DOCK3,FBXW4,GNB5,CD74
Arid5b,Birc5,DOK2,FCER1G,GOLPH3,CD81
Arl13b,Blm,DONSON,FCGR2B,GPAM,CD82
Arl3,Bnip2,DPY19L1,FCGRT,GPHN,CD83
Arl5c,Brca1,DSCC1,FCRLS,GPR18,CDC42EP4
Armc3,Brca2,DSN1,FDPS,GRAMD1B,CDCP1
Armc9,Brd9,DSTN,FEN1,GRB2,CDH23
Armcx2,Brip1,DTL,FES,GRLF1,CDK20
Armcx3,Bscl2,DUSP22,FIGNL1,GRSF1,CDK5R1
Armcx6,Bspry,DUSP5,FILIP1,GSPT1,CEBPA
Arrb1,Btbd10,DUT,FLT1,GSTO1,CEBPD
Arrdc2,Btbd19,DYNLL2,FNIP2,GTF2IRD1,CELA1
Art2b,Btk,DYRK3,FOSL2,GTF3C4,CERK
Art3,Btnl5,DYX1C1,FOXN3,GUF1,CES2C
Arvcf,Bub1,E130306D19RIK,FRMD4B,GYS1,CES2D-PS
Arxes2,Bub1b,E2F2,FURIN,GZF1,CHCHD4
Asah2,Bysl,E2F3,G0S2,H2-Q4,CHCHD6
Asap1,Bzrap1,EDEM1,GALNT10,H2-Q6,CHD3
Asap2,Bzw1,EFHD2,GALNT2,H2-Q8,CHD6
Asb2,C030019I05Rik,EFR3B,GAS2L3,HABP4,CHIA
Ascc1,C1galt1,EHBP1L1,GEMIN6,HDAC10,CHKA
Ascl2,C1qtnf6,EHD1,GEN1,HDDC2,CHST15
Asf1a,C330027C09Rik,EIF2AK3,GFI1,HEATR1,CHST3
Ash1l,C630004H02Rik,EIF2D,GGT1,HEATR5A,CITED2
Atad3a,Cacna1i,EIF4E3,GHDC,HECTD2,CLEC11A
Atcay,Cacnb4,ELL2,GIMAP7,HIF1A,CLIP3
Atg10,Calm1,ELOVL7,GINS2,HIPK2,CLN6
Atg14,Calr,EMP1,GINS3,HIVEP1,CLPB
Atg2b,Calu,ENGASE,GLCCI1,HLCS,CLYBL
Atmin,Camk2g,ENPP4,GLMN,HMGA2,CNGA1
Atp13a2,Camk2n1,EPHA1,GM10345,HMGB1-RS17,CNN3
Atp1a3,Cap1,EPS8,GM10941,HMGN1,CNNM3
Atp1b1,Capn2,EPT1,GM11435,HNRNPU,CNR2
Atp6v1g3,Caprin2,ERI2,GM12253,HNRPLL,COL1A1
Atp9a,Car5b,ERMN,GM16702,HOOK1,COLQ
Atp9b,Card10,ERO1L,GM5465,HORMAD2,CORO2B
Atrn,Carhsp1,ESCO2,GMNN,ID3,CREB3L2
Atxn2,Cars,ESPL1,GNA11,IFNAR2,CREBL2
Atxn7,Casc5,ESYT1,GNG12,IFNGR2,CRTC1
AU041133,Casp3,EXO1,GOLT1B,IFT172,CRTC3
Aven,Casp7,F630043A04RIK,GP49A,IFT46,CRY2
Avil,Casp8ap2,FABP5,GPC1,IIGP1,CRYZ
AW011738,Cast,FAF1,GPR137B,IKBKE,CSAD
AW549877,Cav2,FAM105B,GPR137B-PS,IL18BP,CSGALNACT1
Azi1,Cbx1,FAM111A,GPR55,IL2,CSRNP1
B230217O12Rik,Cbx2,FAM117A,GPR56,IL23R,CSRNP2
B3gnt2,Cbx3,FAM124B,GPR68,IL27RA,CSTAD
B430212C06Rik,Cbx5,FAM129B,GPSM2,IL3RA,CTNS
B4galnt4,Ccbl2,FAM33A,GRAMD3,IL4RA,CTSL
B630005N14Rik,Ccdc101,FAM54A,GRAP2,IL7R,CTSS
B9d1,Ccdc111,FAM64A,GSG2,INTS6,CTTN
Bace2,Ccdc114,FAM69A,GSR,IRF2BP2,CTXN1
Bach2,Ccdc123,FAM72A,GSTT1,IRGM1,CUL7
Bag2,Ccdc124,FAM76B,GTSF1,ISG20L2,CUL9
Bambi-ps1,Ccdc138,FAM89B,GXYLT1,ISOC1,CXCR4
Bank1,Ccdc14,FANCA,GZMA,ISOC2B,CXCR5
Batf,Ccdc15,FANCB,GZMB,ITGB4,CXX1B
Baz2b,Ccdc163,FANCD2,GZMC,ITPKB,CXX1C
Bbc3,Ccdc18,FANCI,GZMK,ITPKC,CXXC5
Bbs12,Ccdc21,FAR1,H2-Q10,JHDM1D,CYP39A1
Bbs2,Ccdc22,FBXO45,H2AFX,KBTBD11,CYP4F13
Bbs7,Ccdc34,FBXW7,HAUS4,KCNMB1,CYP4V3
BC005561,Ccdc51,FGL2,HAUS5,KCNMB4,CYTH3
BC006779,Ccdc63,FHL2,HAUS6,KCTD17,D030028A08RIK
BC017612,Ccdc69,FKBP2,HAUS8,KCTD21,D130040H23RIK
BC017647,Ccdc77,FKBP5,HAVCR2,KCTD3,D18ERTD653E
BC018242,Ccdc82,FLI1,HDAC7,KDELC1,D630037F22RIK
BC018507,Ccdc99,FLNB,HECA,KDELC2,D730040F13RIK
BC021614,Cchcr1,FLT3L,HHEX,KDM1A,D830046C22RIK
BC023829,Ccl1,FMR1,HIST1H1A,KDM4D,DAG1
BC024659,Ccl27a,FOXM1,HIST1H1B,KIF7,DAP3
BC026585,Ccl3,FRMD6,HIST1H1C,KIF9,DAXX
BC031353,Ccl4,FRY,HIST1H1D,KIT,DBP
BC035044,Ccl5,G2E3,HIST1H1E,KLHL24,DCLK1
BC037034,Ccna2,GAB3,HIST1H2AB,KLHL5,DCTD
BC048403,Ccnb1,GABARAPL2,HIST1H2AC,KLHL7,DDX24
BC051226,Ccnb2,GALNT14,HIST1H2AE,KRAS,DDX60
BC057022,Ccnc,GALNT3,HIST1H2AG,KRT10,DECR1
BC065397,Ccnd2,GAS7,HIST1H2AI,KSR1,DECR2
Bcas1,Ccnd3,GATA3,HIST1H2AK,LAMP1,DENND2D
Bcat1,Ccne1,GBP3,HIST1H2BC,LARS2,DGKA
Bckdhb,Ccne2,GBP4,HIST1H3C,LDB1,DGKG
Bcl2,Ccnf,GBP7,HIST1H3F,LHPP,DGKI
Bcl2l14,Ccr1,GBP8,HIST1H3G,LIF,DGKZ
Bcl3,Ccr10,GEM,HIST1H3I,LIPO1,DHDH
Bcl6,Ccr2,GFOD1,HIST1H4B,LMNA,DHX34
Bcl7a,Ccr3,GGH,HIST1H4C,LOC622070,DHX58
Bcl9,Ccr5,GINS1,HIST1H4D,LPIN3,DKK3
Bcor,Ccr8,GLIPR1,HIST2H2AC,LRP1,DLEU2
Bend3,Ccr9,GLIPR2,HIST2H3B,LRP6,DLG4
Bhlhb9,Ccrl2,GLP1R,HN1L,LRRC8D,DNAJA4
Bicd1,Cd109,GLRX,HPSE,LRRK2,DNAJB14
Birc3,Cd2,GLUL,HRSP12,LTA,DNAJB2
Bivm,Cd200r4,GM11127,HS3ST3B1,LTB,DNAJC12
Bmp7,Cd226,GM11346,HSD11B1,LYRM7,DNAJC6
Bmyc,Cd24a,GM12216,ID2,MACROD1,DNALC4
Bnip3,Cd300a,GM12250,IDE,MAGED1,DNASE1
Bod1l,Cd38,GM13293,IDH1,MAGED2,DNASE1L3
Bpgm,Cd47,GM13546,IDH2,MAN2A2,DNASE2A
Bphl,Cd48,GM14005,IDI1,MAP3K3,DOCK4
Brap,Cd7,GM14492,IER3,MAP4K3,DOCK6
Brdt,Cd70,GM15441,IFITM2,MAP4K4,DOK3
Brf1,Cd79b,GM15987,IFITM3,MAPK11,DOS
Bri3,Cd80,GM16907,IFNG,MARCH5,DPP7
Bri3bp,Cd86,GM20257,IFRD1,MBOAT1,DSEL
Brpf3,Cd96,GM3219,IGSF8,MCL1,DST
Brwd1,Cd97,GM4759,IL10RA,MCM9,DSTYK
Btbd1,Cdc123,GM8817,IL18RAP,MECR,DTD1
Btbd2,Cdc20,GM8979,ILDR1,MED16,DTWD1
Btbd6,Cdc25b,GM9199,INCENP,METTL13,DTX3
Btf3l4,Cdc25c,GNA15,INSL6,MFN1,DTX4
Btg1,Cdc27,GNB1,IRAK2,MGAT4B,DUSP14
Btla,Cdc42,GNPDA1,IRF8,MGAT5,DUSP16
Bzw2,Cdc42ep3,GOLM1,ITGA1,MGLL,DUSP23
C030006K11Rik,Cdc45,GOT1,ITGA2B,MICAL3,DUSP4
C030034L19Rik,Cdc6,GP9,ITGAD,MIDN,DUSP6
C030039L03Rik,Cdc7,GPR160,ITGAM,MINK1,DYNC2LI1
C030044B11Rik,Cdca2,GPR25,ITGAX,MIPEP,DYNLT3
C130039O16Rik,Cdca3,GPR34,ITGB2,MIPOL1,E130304F04RIK
C1qtnf4,Cdca5,GPR65,ITIH5,MIR703,E130308A19RIK
C230091D08Rik,Cdca7,GRB14,JUP,MLXIP,E130311K13RIK
C530008M17Rik,Cdca8,GRB7,KCNAB3,MLYCD,E330033B04RIK
C78339,Cdcp2,GSK3A,KCNK6,MNDA,EARS2
C80913,Cdh17,GTSE1,KCTD9,MOB3B,ECE1
Cables1,Cdk1,GZMM,KDELR3,MPP7,ECHDC3
Cables2,Cdk2,H2AFV,KIF11,MSL2,ECM1
Cacna1a,Cdkn1a,H2AFZ,KIF14,MTAP7,EEA1
Cacna1b,Cdkn2b,HAAO,KIF18B,MTFP1,EEF2K
Cacna1d,Cdkn3,HAT1,KIF20B,MTMR3,EFHA2
Cacna2d4,Cdt1,HCCS,KIF22,MTSS1,EFNB1
Calcoco1,Cenpa,HEATR2,KIF2C,MYCBP2,EGLN3
Camk2d,Cenpc1,HELLS,KIFC1,N4BP2L1,EGR1
Camsap1,Cenpe,HIP1,KIFC5B,NAB2,EGR2
Camsap2,Cenpf,HIRIP3,KLF13,NAF1,EHBP1
Cand2,Cenph,HIST1H2AN,KLF16,NANOG,EHHADH
Capn3,Cenpi,HIST1H2BB,KLF6,NARS2,EIF2C1
Capn5,Cenpj,HIST1H2BG,KLHL25,NBAS,EIF4ENIF1
Capns1,Cenpk,HIST1H2BJ,KLRA3,NBN,ELMO3
Capsl,Cenpl,HIST1H2BK,KLRA7,NCKAP5L,ELOVL6
Car12,Cenpm,HIST1H2BM,KLRB1B,NCOA7,EME2
Card6,Cenpn,HIST1H2BN,KLRC1,NDRG2,EML5
Carf,Cenpo,HIST1H3A,KLRC2,NDUFAF4,ENDOD1
Carm1,Cenpp,HIST1H3B,KLRD1,NEBL,ENDOG
Casc3,Cenpq,HIST1H4I,KLRE1,NEDD4L,ENO2
Casd1,Cenpt,HIST2H2BB,KLRG1,NEK1,ENOX
Caskin2,Cenpw,HIST2H4,KLRK1,NEK7,ENPP2
Casp4,Cep152,HIST3H2BA,KPNA2,NET1,EOMES
Casz1,Cep55,HK2,KREMEN2,NF1,EPB4.1L5
Cbr1,Cep57,HLX,KRTCAP2,NFE2L2,EPCAM
Cbr4,Cep72,HMGA2-PS1,LAMC1,NFKB2,EPHB6
Cbx6,Cep76,HMGB2,LAMC2,NKRF,EPHX1
Cbx7,Cercam,HMGB3,LAPTM4B,NLRP1A,EPHX4
Ccdc117,Cfb,HMGN2,LAT2,NLRP1B,ERF
Ccdc122,Cggbp1,HMGN5,LAX1,NPDC1,ESPN
Ccdc125,Cgrrf1,HMMR,LCA5,NPM1,ETNK1
Ccdc126,Chaf1a,HNRNPAB,LDLR,NR2C1,EVI5L
Ccdc141,Chaf1b,HNRNPD,LEPREL4,NRP1,EXT1
Ccdc142,Chd7,HNRNPL,LFNG,NSG2,F2RL1
Ccdc157,Chek1,HOPX,LIG1,NTPCR,FAM101B
Ccdc164,Chek2,HP1BP3,LILRB4,NUDT14,FAM108C
Ccdc17,Chit1,HRAS1,LIN54,OAF,FAM109A
Ccdc28a,Chn2,HRH4,LITAF,OAS3,FAM110A
Ccdc28b,Chrne,HSF4,LMF2,OCRL,FAM116B
Ccdc30,Chst10,HSP90B1,LMNB2,OFD1,FAM118A
Ccdc62,Chst11,HSPB6,LPAR6,OTUD5,FAM120C
Ccdc64,Chst12,ICA1,LPCAT4,P4HTM,FAM131A
Ccdc67,Chsy1,IDH3A,LPIN1,PABPN1,FAM132A
Ccdc78,Chtf18,IFITM1,LRP5,PAFAH1B3,FAM134B
Ccdc80,Cib2,IFNGR1,LRRC25,PAQR7,FAM179B
Ccdc88a,Cinp,IGF2R,LRRC27,PAQR8,FAM26F
Ccdc88b,Cish,IGFBP7,LRRC59,PARP3,FAM43A
Ccdc90a,Cit,IL10,LRRK1,PARP8,FAM46C
Ccdc90b,Ckap2,IL12RB1,LSS,PARP9,FAM70A
Ccdc91,Ckap2l,IL12RB2,LTB4R1,PAWR,FAM71B
Ccl25,Ckap5,IL15RA,LY6C2,PCCA,FAM73B
Ccm2,Cklf,IL18R1,LY6F,PCDHGC3,FAM81A
Ccnj,Cks1b,IL2RA,LY6G5B,PCNX,FAM83G
Ccny,Cks2,IL2RB,LY6I,PDCD1LG2,FAM84A
Ccr4,Clcf1,IQCG,LYN,PDCD7,FAM98C
Ccr6,Clcn5,IQGAP2,LYST,PDLIM1,FARP2
Ccr7,Clcn6,IQGAP3,LZTFL1,PDLIM4,FARS2
Ccs,Cldn25,IRAK3,MAD1L1,PDRG1,FAS
Cd101,Clec12a,IRF1,MAFG,PDXP,FASN
Cd160,Clec1b,ITGA2,MAN1A,PECAM1,FASTKD1
Cd1d2,Clic1,ITGA4,MAN1C1,PEX26,FBF1
Cd200,Clic4,ITGA6,MAP1LC3A,PEX6,FBLN1
Cd200r3,Clic5,ITGAE,MAPK3,PHC2,FBXL20
Cd22,Clspn,ITGB3,MAST2,PHLDB1,FBXO10
Cd27,Clta,ITGB7,MASTL,PHLDB3,FBXO31
Cd2ap,Clu,ITPRIPL1,MATN2,PI4K2A,FBXO32
Cd320,Cmah,ITPRIPL2,MBD2,PIAS2,FBXW8
Cd3eap,Cmpk1,ITSN1,MBD4,PIGN,FCRL1
Cd68,Cmtm3,JMJD5,MCM10,PIGP,FGFBP3
Cd69,Cmtm7,KCNAB2,MCM2,PIK3IP1,FGFR1OP
Cd81,Cnnm4,KCNK5,MCM3,PIM2,FGGY
Cd82,Cnpy4,KCNK7,MCM4,PISD-PS1,FHDC1
Cd83,Cntd1,KCTD12,MCM6,PISD-PS2,FHIT
Cd84,Cntnap1,KCTD2,MCM7,PLAUR,FILIP1L
Cd9,Cntrob,KDM4A,MCM8,PLCL1,FLCN
Cdc42ep4,Cobll1,KIF15,MCOLN3,PLEKHA1,FMNL3
Cdcp1,Commd1,KIF18A,MDM1,PLIN3,FMO5
Cdh11,Coq10b,KIF20A,MED18,PLOD2,FNTB
Cdh23,Coq7,KIF23,MED7,PLSCR1,FOLR4
Cdk10,Coro1c,KIF24,MEF2A,PLSCR3,FOS
Cdk17,Coro2a,KIF2A,METRNL,PLXDC2,FOXP1
Cdk5r1,Cox17,KIF4,MFSD10,PLXNA1,FRAT1
Cdkn1c,Cox4nb,KIF5A,MIAT,PLXNB2,FRAT2
Cdon,Cox5a,KLF11,MIB2,PLXNC1,FSCN1
Ceacam16,Cox6a1,KLF12,MICAL2,PNRC1,FSD2
Cebpa,Cox7a2,KLF8,MIR3064,POM121,FTL1
Cebpb,Cpd,KLHL2,MMP9,POU6F1,FTO
Cebpd,Cpne2,KLRB1F,MOCOS,PPA1,FUZ
Cela1,Cpped1,KNTC1,MPRIP,PPIC,FYB
Celsr1,Cr1l,KRT18,MRS2,PPM1F,GAA
Cenpv,Creb3l1,L1CAM,MSH5,PPP2CA,GAB2
Cep290,Creld2,LAIR1,MTAP1A,PPP6R1,GABRD
Cep68,Crip1,LAMB3,MXD1,PPPDE1,GABRR2
Cerk,Cript,LANCL2,MXD3,PRELID2,GADD45B
Cerkl,Crmp1,LBR,MXI1,PRKACA,GALK1
Ces2c,Crot,LCN4,MYO6,PRKCI,GALNT11
Ces2d-ps,Cryba4,LEMD2,N4BP3,PRKRIR,GALNT9
Chchd10,Crybb1,LGALS1,NASP,PSD,GALR3
Chchd4,Crybg3,LGALS3,NAT10,PSME3,GAS2
Chchd6,Csda,LGALS4,NCAPD3,PSMG1,GAS8
Chd1,Csf1,LGALS7,NCAPG,PTGES2,GBP9
Chd2,Csf2,LIME1,NCAPH,PTPRA,GCG
Chd3,Csf2rb,LMNB1,NCAPH2,PVT1,GCNT1
Chd6,Csgalnact2,LMO4,NCCRP1,QSOX2,GDAP10
Chd9,Csnk2b,LPGAT1,NCK2,QTRT1,GDPD1
Chia,Csrp1,LPL,NCKAP1,QTRTD1,GDPD5
Chic1,Csrp2,LRDD,NDFIP2,RAB37,GEMIN8
Chic2,Cst3,LRP11,NEAT1,RALGAPB,GGT7
Chka,Ctdsp1,LRP8,NEDD1,RAPGEF5,GIMAP3
Chn1,Ctla2a,LRR1,NEDD9,RBAK,GJB2
Chrnb1,Ctla2b,LRRC8A,NETO2,RBM26,GM10548
Chst14,Ctla4,LRRC8B,NEURL1B,RBM33,GM10825
Chst15,Ctnna1,LSM11,NFATC2IP,RCBTB1,GM129
Chst3,Ctps,LSM2,NFIL3,RD3,GM14085
Cited2,Ctrl,LSM5,NFYB,REC8,GM14718
Cited4,Ctsa,LSP1,NHSL2,RELB,GM15645
Clec11a,Ctsc,LXN,NMNAT2,REV1,GM15708
Clec2i,Ctsd,LYAR,NMT2,REXO2,GM166
Clip2,Ctsh,LYRM1,NOD1,RFX5,GM16894
Clip3,Ctsw,LYSMD3,NPC2,RFX7,GM17455
Clk1,Cuedc2,MAD2L1,NPHP4,RGMB,GM19705
Cln6,Cuta,MAF,NQO1,RIPK2,GM5918
Clptm1l,Cx3cr1,MAGOHB,NRARP,RNF103,GM88
Cluap1,Cxcr2,MAGT1,NUP43,RNF11,GM9766
Clybl,Cxcr6,MANF,NUP62,RNF157,GM9895
Cmpk2,Cyba,MAP2K6,NUP85,RNF187,GNA12
Cnga1,Cycs,MAP3K8,NUPR1,RNF43,GNA13
Cnn3,Cyp20a1,MAST1,NXN,RNPEPL1,GNAQ
Cnnm3,Cyp2s1,MCM5,NXNL2,ROGDI,GNG3
Col18a1,Cyp4f18,ME2,NXT2,ROPN1L,GNL3
Colq,Cyp51,MED12L,OAT,RPL10A,GNS
Comtd1,Cyth4,MED30,OBFC2A,RPL12,GPATCH4
Coq10a,D16Ertd472e,MEGF9,ODF2,RPL15,GPM6B
Coq2,D19Ertd737e,MELK,ORC1,RPL22,GPR133
Coro2b,D1Ertd622e,MESDC1,OSBPL3,RPL23,GPR137
Cpeb1,D2Ertd750e,METRN,OTOS,RPL27A,GPR146
Cpm,D430020J02Rik,MEX3C,OVOL2,RPL28,GPR19
Cpne3,D630039A03Rik,MGAT4A,P2RY12,RPL3,GPRASP1
Cpne8,D6Wsu163e,MGST3,P2RY13,RPL31,GPRIN3
Crb3,D8Ertd82e,MICAL1,P2RY14,RPL35A,GPX1
Creg1,D930014E17Rik,MINA,PACS1,RPL36A,GRAMD4
Crocc,D930028M14Rik,MIR17HG,PACSIN2,RPL37,GRCC10
Crtam,D930048N14Rik,MIS18BP1,PADI2,RPL4,GRHL1
Crtc1,Dap,MKI67,PAK4,RPLP2,GRHPR
Crtc3,Dapk2,MKNK2,PAK6,RPS12,GRTP1
Cry2,Dbf4,MLF1,PALB2,RPS17,GRWD1
Cryl1,Dbr1,MLF1IP,PAQR4,RPS18,GSPT2
Csad,Dcaf15,MLLT1,PASK,RPS19,GSTT2
Csf2ra,Dcbld2,MMS22L,PBK,RPS19-PS3,GSTT3
Csgalnact1,Dclk2,MND1,PCDHGC4,RPS20,GTF2I
Csnk1d,Dclre1a,MPV17L,PDE4A,RPS24,GUCY2E
Csnk1g3,Dclre1b,MRVI1,PDE7A,RPS26,GYK
Csrnp2,Dcp1b,MS4A4B,PDGFB,RPS27A,H2-KE6
Cst6,Dcps,MS4A4D,PDIA6,RPS28,H2-OB
Cstad,Dctn6,MT1,PDP1,RPS29,H2-Q1
Ctage5,Dctpp1,MT2,PEA15A,RPS3A,H2-Q2
Ctbp1,Dcun1d3,MTBP,PERP,RPS9,H6PD
Ctbs,Ddost,MTCP1,PFKFB1,RPUSD2,HAP1
Ctdnep1,Ddx28,MTMR1,PGLYRP2,RRP12,HCK
Ctdp1,Ddx39,MTPN,PGM2L1,RRP15,HDAC4
Ctdsp2,Degs1,MUC20,PHF13,RSPH3A,HERC6
Ctsf,Dek,MUTYH,PHLDA1,RSU1,HERPUD2
Ctsl,Dennd1b,MYADM,PICALM,SCAF4,HES5
Ctss,Dennd4a,MYBL2,PIF1,SCAPER,HEXA
Cttn,Dennd5a,MYL4,PIH1D1,SCD2,HHAT
Ctxn1,Depdc1a,MYL9,PIK3AP1,SCML4,HIVEP2
Cul7,Depdc1b,MYO3B,PIK3C2B,SDAD1,HMGN3
Cul9,Derl3,MYO5A,PIK3CG,SELL,HOOK2
Cux1,Dgkh,N4BP1,PIK3R6,SEMA4B,HPCAL1
Cxcl10,Dhfr,NAP1L1,PION,SERF1,HS1BP3
Cxcr4,Dhrs13,NAPSA,PITPNC1,SESN3,HS6ST1
Cxcr5,Dhrs7,NBEAL2,PKD1L2,SESTD1,HSDL1
Cxx1b,Dhrs9,NCALD,PKIG,SETD4,HSH2D
Cxx1c,Diap1,NCAPD2,PLCXD2,SFI1,HSPA1A
Cxxc5,Diap3,NCAPG2,PLEK,SFMBT2,HSPB11
Cyb5,Disc1,NCF1,PLEKHF1,SFPQ,HSPBAP1
Cyp4f13,Dkkl1,NDC80,PLEKHG3,SFT2D3,HYAL2
Cyp4v3,Dlg2,NEB,PLK4,SH2B3,HYI
Cyth3,Dlgap5,NEDD4,PLXDC1,SH3BP5,I830012O16RIK
D030028A08Rik,Dna2,NEIL3,PLXND1,SIRT5,IBTK
D11Wsu99e,Dnahc11,NEK2,PMAIP1,SKP1A,ICA1L
D130040H23Rik,Dnajb1,NFIC,PMVK,SLAMF6,ICAM4
D130043K22Rik,Dnajb11,NGLY1,POC1B,SLC25A36,ICAM5
D15Ertd621e,Dnajb13,NKG7,POFUT2,SLC2A6,ICOS
D18Ertd653e,Dnajb4,NLRC3,POLA1,SLC35F2,IDUA
D2hgdh,Dnajb6,NMRAL1,POLA2,SLC39A4,IFI27L2A
D3Ertd254e,Dnajb9,NPM3,POLD1,SLC39A8,IFI44
D430042O09Rik,Dnajc15,NPTN,POLD2,SLC4A10,IFIT1
D5Ertd605e,Dnajc9,NQO2,POLD3,SLC4A11,IFIT3
D630037F22Rik,Dnmt1,NR2C2,POLE2,SLC7A5,IFRD2
D730040F13Rik,Dnmt3b,NRGN,POLE3,SLC9A9,IFT122
D830046C22Rik,Dock3,NRM,POLE4,SLPI,IFT74
Dag1,Dock5,NSL1,POLH,SMAD1,IFT80
Dap3,Dok2,NSMCE2,PPIL1,SMAP1,IFT81
Dapk3,Dpagt1,NUCKS1,PPM1J,SMARCC1,IFT88
Dapl1,Dpcd,NUDT4,PPM1N,SMARCD1,IGF1R
Daxx,Dpep2,NUF2,PPP1R3B,SMYD2,IKZF2
Dbp,Dpm3,NUP107,PPP1R9B,SNAP47,IKZF4
Dcaf6,Dpy19l1,NUP205,PPP2CB,SNHG1,IL16
Dcaf8,Dpy30,NUSAP1,PPT2,SNHG4,IL1R1
Ddit4,Dpysl2,NXNL1,PQLC1,SNHG8,IL1R2
Ddx24,Dscc1,OIP5,PRC1,SNX20,IL21
Ddx60,Dsn1,OIT3,PRDX4,SOCS1,IL4
Decr1,Dsp,ORC6,PRF1,SORL1,IL5RA
Decr2,Dstn,OSBPL5,PRICKLE3,SOX5,IL6RA
Degs2,Dtl,OSTF1,PRIM1,SPINT2,IL6ST
Dennd2d,Dtx1,P2RX1,PRIM2,SPO11,IL7
Dennd4c,Dtymk,PACS2,PRKCH,SPOPL,IL9R
Det1,Dusp22,PAG1,PRKX,SSBP2,IMMP2L
Dexi,Dusp3,PALM,PRR11,ST6GALNAC1,INADL
Dgat2,Dusp7,PAOX,PRR5L,ST7,ING2
Dgkg,Dut,PAXIP1,PTGR1,STARD6,INPP4B
Dgki,Dync1li2,PCMT1,PTGS1,STK39,INPP5A
Dgkz,Dynlt1a,PCNA,PTPN12,STK4,INPP5F
Dguok,Dyrk3,PCYT1A,PTPN4,STOML1,INPPL1
Dhdh,Dyx1c1,PCYT1B,PTPRK,STRBP,INSR
Dhrs11,E030030I06Rik,PDE8A,PTPRV,SYNPO,IPMK
Dhrs3,E130303B06Rik,PDSS1,PVR,TACSTD2,IPO4
Dhx34,E130306D19Rik,PELO,PYCARD,TAF10,IQCB1
Dhx36,E2f2,PF4,PYGM,TAF5L,IQCC
Dhx58,E2f3,PHF10,RAD51C,TAGAP,IQSEC1
Diap2,E2f7,PHF19,RAD54B,TCF12,IRAK1BP1
Dip2b,E2f8,PHGDH,RAD54L,TESPA1,IRF6
Dip2c,E330016A19Rik,PI4K2B,RAD9,TFRC,IRF7
Dirc2,Ebp,PIGA,RANBP1,TGIF2,ISG15
Dis3l2,Ech1,PIK3R1,RANBP10,TGTP1,ISG20
Dleu2,Ect2,PIK3R5,RANGAP1,THAP4,ISPD
Dlg3,Edaradd,PKMYT1,RAP1B,THNSL1,ISYNA1
Dll1,Efcab4b,PKN1,RAP2A,THRA,ITGA7
Dnaja4,Efhd2,PLAC8,RAPH1,TICAM2,ITGA9
Dnajb14,Efr3b,PLCB3,RARA,TIRAP,ITGB3BP
Dnajb2,Ehbp1l1,PLCD1,RASAL1,TLCD2,ITPR2
Dnajc12,Ehd1,PLCG2,RASD2,TLR1,JAK2
Dnajc21,Ehd4,PLD2,RASL11A,TM7SF3,JARID2
Dnajc27,Eif1ad,PLEKHH3,RASL11B,TMEM121,JMY
Dnase1,Eif2d,PLK1,RBL1,TMEM141,JOSD2
Dnase2a,Eif4e3,PLK3,RBM47,TMEM2,JRK
Dnd1,Elmo2,PLP2,RBMS1,TMEM206,JUND
Dnmbp,Elovl1,PLS1,RBMX2,TMEM216,KAT2A
Dnmt3a,Elovl7,PMF1,RBPMS,TMEM5,KCNAB1
Dock6,Eme1,PMM1,RCBTB2,TMEM55B,KDM4B
Dock9,Eml3,POC1A,RCN3,TMEM63B,KDM5B
Dok3,Emp1,PODNL1,RDH10,TMEM65,KDM6B
Dopey1,Emp3,POGK,RECQL4,TMTC3,KHK
Dos,Enpp1,POLE,REEP4,TNC,KIF13A
Dph1,Enpp4,POLQ,RELL1,TNF,KIF1B
Dpp4,Entpd1,PPAP2C,REPS1,TNFRSF25,KIF3A
Dpp7,Epas1,PPBP,RFC2,TNFRSF26,KIF5C
Dpy19l3,Epha1,PPIH,RGS1,TNFSF11,KIFAP3
Drap1,Epha8,PPP2R2D,RNASE4,TNFSF13B,KIRREL3
Dsel,Eps8,PPP2R5A,RNASEH2C,TNFSF14,KLC3
Dst,Epsti1,PPP3CA,RNF130,TNFSF8,KLF3
Dstyk,Ept1,PPP3CC,RNF168,TNIP1,KLHDC2
Dtd1,Ercc6l,PRDM1,ROM1,TNKS,KLHDC3
Dtwd1,Eri1,PRKAR2A,RORC,TNP2,KLHL26
Dtx3,Eri2,PRKCE,RPA2,TNRC6A,KLHL3
Dtx4,Ermn,PRKD3,RRM2,TOMM70A,KLHL35
Dus4l,Ero1l,PRR5,RTEL1,TRAF1,KLHL4
Dusp12,Erp44,PRSS16,RTN4RL1,TRAF3,KLRB1C
Dusp23,Errfi1,PRSS30,S100A13,TRAF4,KREMEN1
Dusp6,Esco2,PRSS57,S1PR4,TRAK1,KRT222
Dvl3,Espl1,PSMC3IP,S1PR5,TREML2,L2HGDH
Dync2li1,Esyt1,PSPC1,SAMD1,TRIB1,LARP1B
Dynlt1f,Ets2,PTGIR,SAMD11,TRIM28,LASS6
Dynlt3,Exo1,PTMA,SAMSN1,TRIM32,LATS2
Dyrk2,Exosc8,PTMS,SAP30L,TRMT1,LCLAT1
E130304F04Rik,Eya2,PTP4A3,SASS6,TRP53INP1,LDHB
E130308A19Rik,F2r,PTPRJ,SBK1,TSPAN6,LDLRAP1
E130311K13Rik,F2rl2,QPCT,SCRN3,TSPYL2,LDOC1L
E2f5,F2rl3,RAB11FIP4,SDCBP2,TUBA8,LEF1
E430018J23Rik,F630043A04Rik,RAB35,SEMA4A,UBE2R2,LEPRE1
Ears2,Fabp5,RAB3D,SEPHS2,UBFD1,LGMN
Ece1,Fads1,RAB5A,SEPN1,UBL3,LIMD2
Ece2,Fam107b,RAC3,SEPT5,UBN1,LIMK1
Echdc1,Fam111a,RACGAP1,SERPINB1A,UBQLN1,LIPA
Echdc2,Fam124b,RAD18,SERPINB1B,URB1,LIPE
Echdc3,Fam129a,RAD21,SERPINB6B,USP18,LIPT2
Eci1,Fam129b,RAD51,SERPINB9,USP28,LNX2
Ecm1,Fam129c,RAD51AP1,SERPINB9B,USP30,LPCAT1
Ect2l,Fam160a2,RAI14,SERPINI1,USP35,LRIG1
Eef1b2,Fam188a,RALY,SFMBT1,USP53,LRP12
Eef2k,Fam19a3,RAP1GAP2,SFN,UTP20,LRRC23
Efcab2,Fam33a,RASD1,SGK1,VAV2,LRRC45
Efha2,Fam46a,RASGEF1C,SGK3,VEGFB,LRRC56
Efnb2,Fam54a,RASGRP2,SGOL1,VKORC1,LTBP3
Egfl8,Fam64a,RAVER2,SHC4,VPS13A,LUZP1
Egln3,Fam72a,RBBP8,SIRT1,VWA5A,LY6D
Egr1,Fam82a1,RBL2,SLAMF1,WAC,LY6K
Egr2,Fam83d,RBM15B,SLBP,WARS2,LY96
Egr3,Fam83h,RCC1,SLC12A4,WBSCR16,LYL1
Ehd3,Fam84b,RCN1,SLC16A10,WBSCR27,LYRM4
Ei24,Fam89b,RDX,SLC25A10,WDFY2,LYSMD2
Eid2b,Fanca,RECQL,SLC25A25,WDR12,MAGEE2
Eif2ak2,Fancb,REEP5,SLC25A43,WDR6,MALAT1
Eif2c1,Fancc,RFC3,SLC27A4,WNT10A,MAMDC4
Eif2c4,Fancd2,RFC4,SLC2A3,XK,MAML3
Eif3b,Fancg,RFC5,SLC35B1,YARS2,MANSC1
Eif3f,Fanci,RFTN1,SLC35D2,YPEL2,MAP3K5
Eif4enif1,Fancl,RHBDF2,SLC35E1,YTHDC1,MAPK14
Eif4g3,Fancm,RHOC,SLC38A2,ZBED3,MAPK8IP1
Eif5a2,Far1,RHOQ,SLC52A3,ZBTB26,MAPRE3
Elavl1,Fasl,RNASEH2B,SLFN3,ZBTB46,MARCH8
Elk3,Fbxl2,RNASEL,SMC2,ZC3H12A,MARCKSL1
Elk4,Fbxo27,RNF13,SMC4,ZCCHC4,MATK
Elmo3,Fbxo30,RNF138,SMPD1,ZDHHC13,MAZ
Elovl5,Fbxo42,RNF166,SMTN,ZDHHC8,MBD3
Elovl6,Fbxo45,RNF169,SNTB1,ZFAND1,MBLAC1
Emb,Fbxo48,RNF26,SNX10,ZFAND5,MBNL2
Eme2,Fbxo5,RPA3,SNX18,ZFC3H1,MBOAT7
Eml4,Fbxw4,RPS6KA3,SNX21,ZFP106,MCCC1
Eml5,Fcer1g,RPS6KA5,SNX9,ZFP109,MCCC2
Endog,Fcgr2b,RRAS2,SOCS2,ZFP12,MDN1
Enkur,Fcgrt,RRM1,SPAG1,ZFP192,MEF2B
Eno2,Fcrls,RTKN,SPAG5,ZFP219,MEIS3
Enox,Fdps,RTN4,SPARC,ZFP296,MEST
Enpp2,Fen1,RTTN,SPATS2,ZFP326,METAP1D
Epb4.1l5,Fes,RUNX2,SPC25,ZFP358,METTL1
Epcam,Fgd2,RUNX3,SPN,ZFP362,METTL8
Ephx1,Fgfr3,RXRA,SPSB2,ZFP36L2,MEX3B
Ephx4,Fgl2,S100A1,SQLE,ZFP386,MFSD4
Eri3,Fhl2,S100A10,SRGAP3,ZFP442,MGRN1
Erlin1,Fignl1,SAC3D1,STARD10,ZFP455,MGST2
Espn,Fkbp11,SAMD3,STEAP3,ZFP513,MIF
Esrp2,Fkbp2,SAP30,STIL,ZFP579,MLH3
Esyt2,Fli1,SART1,SULT2B1,ZFP59,MMAB
Etnk1,Flnb,SCPEP1,SWAP70,ZFP607,MMACHC
Etv6,Flot1,SDF2L1,SYTL2,ZFP62,MORN1
Evi2a,Flot2,SEC11C,TAX1BP3,ZFP622,MORN2
Evi5,Flt3l,SEC24D,TBC1D10B,ZFP623,MORN4
Evi5l,Fmr1,SELM,TBL2,ZFP710,MOV10
Evl,Fnip2,SELPLG,TDRKH,ZFP746,MPP1
Ext1,Fosl2,SEPHS1,TESK1,ZFP773,MPZL1
F2rl1,Foxm1,SEPT10,TFEB,ZFP827,MR1
Faah,Foxn3,SEPT11,TIGD3,ZFP846,MRGPRE
Fahd1,Foxp3,SEPT4,TIMELESS,ZFP873,MRPL52
Fam101b,Foxred2,SERINC3,TM6SF1,ZFP90,MRPS6
Fam108b,Frmd4b,SERPINA3F,TMC8,ZFP93,MRRF
Fam108c,Frmd6,SESN1,TMEM107,ZFP947,MS4A4C
Fam109a,Frmd7,SETD8,TMEM109,ZFPM1,MS4A6C
Fam116a,Fry,SGCB,TMEM135,ZKSCAN1,MS4A6D
Fam116b,Ftsj1,SGOL2,TMEM151A,ZMYM3,MSH6
Fam118a,Furin,SH2D5,TMEM176A,ZMYM4,MSI2
Fam120c,Fxn,SH3BP1,TMEM176B,ZNF512B,MSL3L2
Fam131a,Fyco1,SH3BP2,TMEM189,ZSCAN12,MSRB2
Fam132a,Fzd5,SH3YL1,TMEM37,ZXDC,MTAP2
Fam134a,G0s2,SHCBP1,TMEM41B,,MTM1
Fam134b,G2e3,SIDT1,TMEM48,,MTMR11
Fam158a,Gab3,SIK1,TMEM64,,MTMR7
Fam160a1,Gabarapl2,SIKE1,TMEM71,,MTTP
Fam160b1,Gal3st3,SIT1,TMEM97,,MX1
Fam162a,Gale,SIVA1,TMIGD1,,MX2
Fam164a,Galnt14,SKA1,TMPRSS13,,MXD4
Fam168a,Galnt2,SKP2,TMSB4X,,MYC
Fam168b,Galnt3,SLA2,TMTC4,,MYO10
Fam187b,Gas2l3,SLAIN1,TNFRSF1A,,MYO1E
Fam193a,Gas7,SLAMF7,TNFRSF1B,,MYO1H
Fam195a,Gata3,SLC11A1,TOM1L1,,N4BP2
Fam26f,Gbp3,SLC16A6,TONSL,,NAB1
Fam35a,Gbp7,SLC17A9,TPM4,,NADSYN1
Fam43a,Gcm2,SLC20A1,TPPP3,,NAGLU
Fam46c,Gem,SLC25A24,TRAM2,,NAIP2
Fam69b,Gemin6,SLC25A30,TREX1,,NAIP5
Fam71b,Gen1,SLC43A3,TRIM16,,NANOS1
Fam73a,Ggcx,SLCO3A1,TROAP,,NAPRT1
Fam73b,Ggh,SLCO4A1,TRP53INP2,,NAV2
Fam81a,Ggt1,SMAD7,TRPC2,,NBEAL1
Fam82b,Ghdc,SMPDL3B,TSGA10,,NCF2
Fam84a,Gimap7,SMS,TTK,,NCKIPSD
Fam86,Gins1,SNAI3,TTYH2,,NCOR2
Fam89a,Gins2,SNF8,TUBA1B,,NCRNA00086
Fam98c,Gins3,SNORD35B,TUBA1C,,NDRG3
Fancf,Gins4,SNRPD1,TUBA4A,,NDRG4
Farp2,Gipc2,SNTB2,TUBB3,,NEFH
Fars2,Gk5,SNX25,TUBB4B,,NEIL1
Fas,Gla,SOAT2,TUBB5,,NELF
Fasn,Glipr1,SOWAHC,TUBE1,,NENF
Fastkd1,Glipr2,SPC24,TUBG1,,NEU1
Fbf1,Glmn,SPIN2,UBE2G2,,NEU3
Fbl,Glrx,SPPL3,UBE2S,,NEURL3
Fbln1,Glul,SRSF1,UBE2T,,NF2
Fbrs,Gm10640,SSR1,UBXN11,,NFIX
Fbxl12,Gm10767,ST14,UBXN8,,NFKBIA
Fbxl17,Gm10941,ST3GAL4,UEVLD,,NFKBIE
Fbxl20,Gm11127,ST3GAL6,UGCG,,NHEDC2
Fbxo10,Gm11435,ST6GALNAC6,ULBP1,,NINJ1
Fbxo28,Gm12216,STBD1,USP20,,NIT2
Fbxo31,Gm12253,STK24,USP46,,NLE1
Fbxo32,Gm13293,STK32C,VAT1,,NLK
Fbxo36,Gm13546,STMN1,VAX2,,NLRC4
Fbxo4,Gm14005,STMN2,VILL,,NME4
Fbxw8,Gm14057,STXBP5,VKORC1L1,,NMNAT3
Fbxw9,Gm16197,SUB1,VOPP1,,NOC3L
Fchsd2,Gm16702,SUN1,VPS37B,,NOP16
Fcrl1,Gm16907,SUV39H1,VPS37C,,NOXA1
Fech,Gm19619,SV2C,VPS54,,NPEPL1
Fgfr1op,Gm20337,SVIL,WDR62,,NPHP1
Fhdc1,Gm3604,SYCE2,WDR67,,NPNT
Fhit,Gm4759,SYNGR3,WDR76,,NR1D2
Fhl3,Gm5069,SYTL1,WDR78,,NR4A1
Filip1l,Gm5141,TACC2,WDR90,,NRBP2
Fktn,Gm5465,TACC3,WDR95,,NRIP1
Flcn,Gm5547,TAF4A,WEE1,,NRP
Fmnl3,Gm8817,TAGLN2,X99384,,NT5E
Fmo5,Gm8909,TANC2,XCR1,,NTF5
Fntb,Gm9199,TARSL2,XDH,,NTRK3
Folr4,Gmnn,TATDN2,XKR8,,NUCB2
Foxo1,Gmpr2,TBC1D2,XRCC2,,NUDT8
Foxp1,Gna11,TBKBP1,YAF2,,NUMB
Foxp4,Gna15,TBX21,ZBTB16,,OAS1A
Fpgs,Gnai1,TCF19,ZBTB42,,OAS1G
Frat1,Gnb4,TCF7L2,ZBTB8A,,OAS2
Frat2,Gnpda1,TENC1,ZCCHC18,,OASL1
Frmd4a,Gnptg,TESK2,ZCWPW1,,OASL2
Fscn1,Golm1,THBS1,ZDHHC18,,OAZ2
Fsd2,Golt1b,THY1,ZEB2,,OCIAD2
Ftl1,Got1,TIPIN,ZFP101,,ODC1
Fto,Gp49a,TK1,ZFP367,,OLFR1033
Ftsjd1,Gp9,TLE1,ZFP382,,OPN3
Fubp3,Gpaa1,TM9SF3,ZFP473,,OPTN
Fut4,Gpd2,TMBIM1,ZFP652,,ORAI1
Fuz,Gpr137b,TMCC3,ZFP654,,OSGIN1
Fxr2,Gpr137b-ps,TMED2,ZFP69,,OTUB2
Fyb,Gpr160,TMEM154,ZFP934,,OTUD1
Fyn,Gpr171,TMEM163,ZRANB3,,OTUD3
Fyttd1,Gpr25,TMEM171,ZSWIM6,,OXSR1
G530011O06Rik,Gpr55,TMEM194,ZYX,,P2RX4
Gaa,Gpr56,TMEM221,,,P2RX7
Gabrr2,Gpr65,TMEM53,,,P4HA1
Gadd45g,Gpr68,TMPO,,,PACSIN1
Galk1,Gprc5a,TNFRSF18,,,PADI1
Galnt1,Gpsm2,TNFSF10,,,PADI3
Galnt11,Gramd3,TNFSF9,,,PADI4
Galnt9,Grap2,TNNT3,,,PANK1
Galr3,Grb7,TOE1,,,PANK4
Gas5,Gsg2,TOMM6,,,PARD6G
Gas8,Gstt1,TOMT,,,PARP12
Gatsl2,Gtse1,TOP2A,,,PARP16
Gatsl3,Gtsf1,TOPBP1,,,PBX2
Gbe1,Gzma,TPST2,,,PBX4
Gbp10,Gzmb,TPX2,,,PCBP3
Gbp9,Gzmc,TRAIP,,,PCDHGB4
Gclc,Gzmk,TRIM13,,,PCDHGB6
Gclm,Gzmm,TRIM36,,,PCDHGB7
Gdap10,H2-Q10,TRIM46,,,PCDHGC5
Gdi1,H2afv,TRIP10,,,PCK2
Gdpd1,H2afx,TRIP13,,,PCSK4
Gemin8,H2afz,TRP73,,,PCTP
Gfm2,H47,TSC22D3,,,PCYOX1
Gga2,Haao,TSHZ1,,,PDCD1
Gga3,Hat1,TSPAN2,,,PDE11A
Ggt7,Haus3,TTC7,,,PDE2A
Gigyf1,Haus4,TTC7B,,,PDE6D
Gjb2,Haus5,TTL,,,PDE8B
Glg1,Haus6,TUBB1,,,PDK1
Glis3,Haus7,TUBGCP2,,,PDLIM7
Glrx5,Haus8,TXN1,,,PDXK
Gm10069,Havcr2,TXNDC5,,,PDZK1IP1
Gm10451,Hccs,TYMS,,,PEAR1
Gm10804,Heatr2,UAP1,,,PECR
Gm10863,Hells,UBE2C,,,PEG13
Gm11696,Helq,UBE2M,,,PENK
Gm12185,Hexb,UHRF1,,,PER2
Gm12942,Hip1,UNC5CL,,,PEX11A
Gm14085,Hip1r,UNC79,,,PEX11C
Gm14322,Hirip3,UNG,,,PFKFB4
Gm14325,Hist1h1a,UPF1,,,PFKL
Gm14718,Hist1h1b,USP1,,,PFKM
Gm15545,Hist1h1c,USP25,,,PFN2
Gm15706,Hist1h1d,USP48,,,PGCP
Gm15708,Hist1h1e,USP49,,,PGM2
Gm16523,Hist1h2ab,UST,,,PGPEP1
Gm166,Hist1h2ae,VARS,,,PHACTR2
Gm17296,Hist1h2ag,VASH1,,,PHF15
Gm17455,Hist1h2ai,VCL,,,PHPT1
Gm19705,Hist1h2ak,VIM,,,PHTF1
Gm19757,Hist1h2bb,VPRBP,,,PIK3R2
Gm20199,Hist1h2bc,WDHD1,,,PIKFYVE
Gm20324,Hist1h2be,WSCD2,,,PINK1
Gm20594,Hist1h2bg,XKR5,,,PIP4K2A
Gm2762,Hist1h2bj,XRCC3,,,PITPNM1
Gm3002,Hist1h2bk,YES1,,,PKD1
Gm4349,Hist1h2bm,YPEL1,,,PKN3
Gm4951,Hist1h2bn,YY2,,,PKP2
Gm5134,Hist1h3a,ZBED4,,,PKP4
Gm5595,Hist1h3c,ZC3H12C,,,PLA2G12A
Gm5617,Hist1h3e,ZC3HAV1L,,,PLAGL1
Gm5918,Hist1h3f,ZFP598,,,PLCB4
Gm6548,Hist1h3g,ZMIZ1,,,PLCXD1
Gm6654,Hist1h3i,ZMYND19,,,PLEKHA8
Gm6907,Hist1h4b,ZPBP,,,PLEKHG2
Gm8580,Hist1h4c,ZPBP2,,,PLEKHO1
Gm9766,Hist1h4d,ZRANB1,,,PLK1S1
Gm9895,Hist1h4f,ZWILCH,,,PLXNA3
Gmcl1,Hist1h4h,,,,PLXNB1
Gna12,Hist1h4i,,,,PNPLA7
Gna13,Hist2h2ac,,,,POLD4
Gnaq,Hist2h2bb,,,,POLG
Gnas,Hist2h3b,,,,POLR1B
Gnl1,Hist2h4,,,,POMT1
Gns,Hist3h2ba,,,,POR
Golph3,Hk2,,,,POU2AF1
Gpatch4,Hlx,,,,POU2F2
Gphn,Hmbs,,,,PPARGC1B
Gpm6b,Hmga2-ps1,,,,PPCDC
Gpr133,Hmgb2,,,,PPFIBP1
Gpr137,Hmgb3,,,,PPIL6
Gpr146,Hmgcs1,,,,PPP1R14B
Gpr18,Hmgn2,,,,PPP1R15A
Gpr19,Hmgn5,,,,PPP2R3A
Gpr83,Hmgxb4,,,,PPP4R1L-PS
Gprasp1,Hmmr,,,,PPRC1
Gpsm1,Hnrnpa2b1,,,,PPTC7
Gpt2,Hnrnpa3,,,,PRDM16
Gpx1,Hnrnph1,,,,PRDM5
Gramd4,Hopx,,,,PRICKLE1
Grb2,Hprt,,,,PRKAR1B
Grcc10,Hpse,,,,PRKCZ
Grhl1,Hrsp12,,,,PRMT2
Grhpr,Hs3st3b1,,,,PRMT3
Grk6,Hsd11b1,,,,PRMT6
Grlf1,Hsf4,,,,PRNP
Grsf1,Hsp90b1,,,,PRPF40B
Grtp1,Hspa2,,,,PRRT2
Gspt1,Hspa4l,,,,PRSS2
Gspt2,Hspb6,,,,PRSS41
Gstt2,Hyls1,,,,PSEN2
Gstt3,Hyou1,,,,PSTPIP2
Gstz1,Ica1,,,,PTCH1
Gtf2ird1,Id2,,,,PTCRA
Gtf2ird2,Ide,,,,PTER
Gtpbp8,Idh2,,,,PTGER2
Guf1,Idh3a,,,,PTK2
Gys1,Idi1,,,,PTP4A2
Gzf1,Ier2,,,,PTPN13
H2-Ke6,Ier3,,,,PTPRS
H2-Oa,Ifitm1,,,,PTRH1
H2-Ob,Ifitm2,,,,PUS7
H2-Q1,Ifitm3,,,,PYDC3
H2-Q2,Ifng,,,,PYDC4
H6pd,Ifngr1,,,,RAB11FIP1
Habp4,Ifrd1,,,,RAB11FIP3
Hacl1,Igf2r,,,,RAB24
Haghl,Igsf8,,,,RAB26
Hap1,Il10,,,,RAB31
Hdac10,Il10ra,,,,RAB32
Hddc2,Il12rb1,,,,RAB39B
Heatr3,Il12rb2,,,,RAB6B
Heatr5a,Il15ra,,,,RABL2
Hectd2,Il18r1,,,,RABL5
Heg1,Il18rap,,,,RAD51L1
Herpud2,Il2ra,,,,RALB
Hes5,Il2rb,,,,RALGDS
Hexa,Il31ra,,,,RALGPS1
Hhat,Ildr1,,,,RAMP1
Hibadh,Ilf2,,,,RAMP3
Hif1a,Ilk,,,,RANGRF
Hint2,Incenp,,,,RAP1GAP
Hipk2,Ing5,,,,RAPGEF4
Hivep2,Insl6,,,,RAPSN
Hlcs,Ipo9,,,,RASA2
Hmgn1,Iqcg,,,,RASGEF1A
Hmgn3,Iqgap2,,,,RASGRF1
Hnrnpu,Iqgap3,,,,RASGRP1
Hnrnpul1,Irak3,,,,RASGRP4
Homez,Irf1,,,,RASSF2
Hook1,Irf8,,,,RASSF6
Hook2,Itga1,,,,RCL1
Hormad2,Itga2,,,,RDH12
Hpcal1,Itga2b,,,,RDH13
Hs1bp3,Itga4,,,,RDH5
Hs6st1,Itgad,,,,RDH9
Hsd3b7,Itgae,,,,REEP2
Hsdl1,Itgam,,,,REL
Hspbap1,Itgax,,,,RENBP
Hvcn1,Itgb2,,,,REPIN1
Hyal2,Itgb3,,,,RERE
Hyal3,Itgb7,,,,RGS10
I830012O16Rik,Itih5,,,,RGS11
Ibtk,Itpk1,,,,RHBDD2
Ica1l,Itpripl1,,,,RHBDD3
Icam4,Itpripl2,,,,RHOB
Icam5,Itsn1,,,,RHOBTB2
Ick,Jmjd5,,,,RHOD
Icos,Jrkl,,,,RHOH
Id3,Jup,,,,RLTPR
Idua,Kars,,,,RNASET2B
Iffo1,Katnb1,,,,RNF128
Iffo2,Kcnab2,,,,RNF144A
Ifi27l2a,Kcnj8,,,,RNF167
Ifi44,Kcnk5,,,,RNF19A
Ifit1,Kcnk7,,,,RNF2
Ifit3,Kctd12,,,,RNF24
Ifnar2,Kctd20,,,,RNF32
Ifngr2,Kctd9,,,,RNF41
Ift122,Kdelr2,,,,RPA1
Ift172,Kdelr3,,,,RPAP3
Ift46,Kif11,,,,RPGR
Ift57,Kif13b,,,,RPGRIP1
Ift80,Kif14,,,,RPH3AL
Ift81,Kif15,,,,RPLP1
Ift88,Kif18a,,,,RPP38
Igf1r,Kif18b,,,,RPP40
Iigp1,Kif20a,,,,RPS6KA2
Ikbke,Kif20b,,,,RPS6KC1
Ikzf2,Kif22,,,,RSAD2
Ikzf4,Kif23,,,,RTP4
Il13ra1,Kif24,,,,RUNDC3A
Il16,Kif2a,,,,RWDD3
Il1r1,Kif2c,,,,RYK
Il1r2,Kif4,,,,RYR1
Il1rn,Kif5a,,,,RYR3
Il2,Kifc1,,,,S1PR2
Il21,Kifc5b,,,,SALL2
Il23r,Klf10,,,,SAT1
Il4,Klf11,,,,SBK2
Il4ra,Klf12,,,,SBNO2
Il5ra,Klf6,,,,SCAMP1
Il6ra,Klhdc4,,,,SCCPDH
Il6st,Klhl25,,,,SCMH1
Il7,Klra3,,,,SCN11A
Il7r,Klra7,,,,SCRN2
Il9r,Klrb1b,,,,SDC1
Immp2l,Klrb1f,,,,SDC3
Inadl,Klrc1,,,,SDHAF1
Ing2,Klrc2,,,,SDR42E1
Inpp4b,Klrd1,,,,SEC14L1
Inpp5a,Klrg1,,,,SEMA7A
Inpp5f,Klri2,,,,SENP8
Insr,Klrk1,,,,SERAC1
Ip6k1,Kntc1,,,,SERINC5
Ipmk,Kpna2,,,,SERP1
Ipo4,Kpna3,,,,SERPINF1
Iqcb1,Kremen2,,,,SERTAD2
Iqcc,Krtcap2,,,,SETBP1
Iqce,L1cam,,,,SFXN5
Irf2bp2,Lag3,,,,SGIP1
Irf6,Lair1,,,,SGPP2
Irf7,Lamb3,,,,SGSH
Isg15,Lamc1,,,,SGSM2
Isg20,Lamc2,,,,SH2D1A
Isg20l2,Lamtor3,,,,SH3BP4
Isoc1,Lancl2,,,,SH3D19
Isoc2b,Laptm4b,,,,SH3RF1
Ispd,Larp1,,,,SH3TC1
Isyna1,Larp7,,,,SHMT1
Itfg3,Lasp1,,,,SHPK
Itga7,Lass5,,,,SIAE
Itga9,Lat2,,,,SIAH2
Itgb3bp,Lax1,,,,SIAH3
Itgb4,Lbr,,,,SIPA1L1
Itpkb,Lcmt1,,,,SLC12A8
Itpr2,Lcn4,,,,SLC14A1
Ivd,Lemd3,,,,SLC15A1
Jag2,Leprel4,,,,SLC19A1
Jak2,Lfng,,,,SLC1A4
Jarid2,Lgals1,,,,SLC22A15
Jhdm1d,Lgals3,,,,SLC25A1
Jmjd1c,Lgals4,,,,SLC25A13
Jmy,Lig1,,,,SLC25A19
Josd2,Lilrb4,,,,SLC25A22
Jrk,Lima1,,,,SLC25A26
Jund,Lime1,,,,SLC25A42
Kbtbd11,Lin54,,,,SLC26A11
Kcnmb1,Litaf,,,,SLC26A2
Kcnmb4,Lmf2,,,,SLC27A1
Kcnn4,Lmnb1,,,,SLC29A2
Kcnq1ot1,Lmnb2,,,,SLC30A3
Kcnq5,Lmo4,,,,SLC35F5
Kctd1,Lnp,,,,SLC36A4
Kctd17,Loxl2,,,,SLC39A11
Kctd21,Lpar5,,,,SLC39A13
Kctd3,Lpgat1,,,,SLC41A1
Kctd6,Lpin1,,,,SLC41A3
Kdelc1,Lpl,,,,SLC43A1
Kdelc2,Lrdd,,,,SLC45A4
Kdm1a,Lrp11,,,,SLC46A1
Kdm4b,Lrr1,,,,SLC4A7
Kdm4d,Lrrc25,,,,SLC52A2
Kdm5b,Lrrc27,,,,SLC5A3
Kdm5d,Lrrc40,,,,SLC7A7
Kdm6b,Lrrc57,,,,SLFN5
Kdsr,Lrrc59,,,,SLMO1
Khdrbs1,Lrrc8a,,,,SMOX
Kif13a,Lrrc8c,,,,SMYD4
Kif16b,Lrrk1,,,,SMYD5
Kif1b,Lsm2,,,,SNHG12
Kif1c,Lsm5,,,,SNN
Kif3a,Lsp1,,,,SNX30
Kif5c,Lss,,,,SNX33
Kif7,Ltb4r1,,,,SOCS3
Kif9,Lxn,,,,SOCS5
Kifap3,Ly6c2,,,,SOSTDC1
Kifc2,Ly6f,,,,SOX4
Kirrel3,Ly6g5b,,,,SP6
Kit,Ly6i,,,,SPACA1
Kitl,Lyar,,,,SPATA7
Klc3,Lysmd3,,,,SPATS1
Klf2,Lztfl1,,,,SPINT1
Klf3,Mad1l1,,,,SPNB1
Klf7,Mad2l1,,,,SPOCK2
Klf9,Maf,,,,SPRED2
Klhdc10,Mafg,,,,SPRY1
Klhdc2,Magi3,,,,SPSB1
Klhdc3,Magoh,,,,SQRDL
Klhl24,Magohb,,,,SRM
Klhl26,Magt1,,,,SRXN1
Klhl3,Manf,,,,SS18L1
Klhl4,Map2k6,,,,SSH2
Klhl5,Map3k8,,,,SSH3
Klhl7,Mapk1ip1l,,,,SSX2IP
Klraq1,Mapk3,,,,ST3GAL2
Klrb1c,Mapre1,,,,STARD5
Kras,Mapre2,,,,STAT2
Kremen1,Mark2,,,,STAT5A
Krt10,Mast2,,,,STK3
Ksr1,Mastl,,,,STX11
Ktn1,Matn2,,,,STX16
Lactb,Mbd2,,,,STX2
Lamp1,Mbd4,,,,STX4A
Lamp2,Mbnl3,,,,STX6
Lancl1,Mcm10,,,,STXBP1
Larp1b,Mcm2,,,,STXBP4
Lars2,Mcm3,,,,SUPT3H
Lass6,Mcm4,,,,SV2A
Lats2,Mcm5,,,,SYNJ2
Ldb1,Mcm6,,,,SYT11
Ldhb,Mcm7,,,,TADA2B
Ldlrap1,Mcm8,,,,TAF1C
Ldoc1l,Mcoln2,,,,TAF4B
Lef1,Mcoln3,,,,TAGAP1
Lefty1,Mdm1,,,,TANC1
Lepre1,Me2,,,,TANK
Lgmn,Med12l,,,,TASP1
Lif,Med18,,,,TAZ
Lig3,Med20,,,,TBC1D19
Limd2,Med30,,,,TBC1D30
Limk1,Med7,,,,TBC1D4
Lipa,Mef2a,,,,TBC1D5
Lipe,Megf9,,,,TCEA2
Lipo1,Melk,,,,TCF7
Lipt2,Memo1,,,,TCN2
Lmbr1,Metrnl,,,,TCP11L2
Lmna,Mfsd10,,,,TCTEX1D2
Lmtk2,Mgat4a,,,,TDRD7
Lnx2,Mgst3,,,,TERT
LOC100504703,Miat,,,,TESC
LOC329427,Mical1,,,,TFCP2
LOC330599,Mid1ip1,,,,TFDP2
LOC622070,Mina,,,,TFPI
Lpcat1,Mir1199,,,,TGFB3
Lphn1,Mir17hg,,,,TGFBR3
Lpin3,Mis12,,,,TGIF1
Lpp,Mis18bp1,,,,THA1
Lpxn,Mki67,,,,THADA
Lrig1,Mkrn2,,,,THAP2
Lrp1,Mlf1,,,,THBS3
Lrp10,Mlf1ip,,,,THNSL2
Lrp6,Mlkl,,,,THOP1
Lrrc23,Mllt1,,,,THUMPD2
Lrrc45,Mmp9,,,,TIAM1
Lrrc47,Mms22l,,,,TJP2
Lrrc61,Mns1,,,,TLCD1
Lrrc8d,Mpv17l,,,,TLR2
Lst1,Mrpl18,,,,TLR3
Lta,Mrpl20,,,,TLR7
Ltb,Mrpl28,,,,TM7SF2
Ly96,Mrpl33,,,,TMC3
Lyl1,Mrpl40,,,,TMC4
Lyrm4,Mrpl53,,,,TMEM106A
Lysmd2,Mrps18c,,,,TMEM106C
Lzts1,Mrvi1,,,,TMEM131
Lzts2,Ms4a4b,,,,TMEM149
Maged1,Msc,,,,TMEM158
Maged2,Msh5,,,,TMEM17
Malat1,Mt1,,,,TMEM170B
Mamdc4,Mt2,,,,TMEM191C
Maml3,Mtap1a,,,,TMEM218
Man2a2,Mtbp,,,,TMEM220
Mansc1,Mtmr1,,,,TMEM30B
Map3k12,Mtpn,,,,TMEM38A
Map3k14,Muc20,,,,TMEM38B
Map3k3,Mutyh,,,,TMEM42
Map3k5,Mvd,,,,TMEM67
Map3k7,Mxd1,,,,TMEM86A
Map4k1,Mxd3,,,,TMEM8B
Map4k3,Mxi1,,,,TMEM9
Map4k4,Myadm,,,,TMIE
Map4k5,Mybl1,,,,TMPRSS11E
Mapk11,Mybl2,,,,TNFAIP8
Mapk14,Mycbp,,,,TNFRSF13B
Mapk1ip1,Myef2,,,,TNFRSF14
Mapkapk2,Myg1,,,,TNFRSF22
Mapre3,Myl4,,,,TNFRSF23
5-Mar,Myl9,,,,TNFRSF4
8-Mar,Myo1f,,,,TNFRSF8
Marcksl1,Myo1g,,,,TNS1
Marveld1,Myo3b,,,,TOM1L2
Matk,Myo5a,,,,TOP1MT
Max,Myo6,,,,TOR3A
Maz,Myst2,,,,TOX
Mbd3,N4bp1,,,,TOX2
Mbd5,N4bp3,,,,TPBG
Mblac1,Naa38,,,,TPD52
Mboat1,Naa40,,,,TPI1
Mboat7,Nans,,,,TPPP
Mccc1,Nap1l1,,,,TPRG
Mccc2,Napsa,,,,TRAPPC9
Mcee,Nasp,,,,TRAT1
Mcl1,Nat10,,,,TRERF1
Mcm9,Nbeal2,,,,TRIB2
Mdn1,Ncald,,,,TRIM2
Mef2b,Ncapd2,,,,TRIM30D
Mei1,Ncapd3,,,,TRIM59
Meis3,Ncapg,,,,TRIM62
Metap1d,Ncapg2,,,,TRIM8
Mettl15,Ncaph,,,,TRIO
Mettl22,Ncaph2,,,,TRIP6
Mettl8,Nccrp1,,,,TRIT1
Mfn1,Nck2,,,,TRMT61A
Mfsd3,Nckap1,,,,TRPM1
Mfsd4,Ndc80,,,,TRPM6
Mfsd6,Ndfip2,,,,TRUB1
Mga,Ndufb7,,,,TSEN2
Mgat4b,Ndufb8,,,,TSGA14
Mgat5,Neb,,,,TSHZ2
Mgmt,Nedd1,,,,TSPAN13
Mgrn1,Nedd4,,,,TSPAN3
Mgst2,Neil3,,,,TSPAN32
Mical3,Nek2,,,,TSPAN5
Midn,Nek6,,,,TSR2
Mink1,Nespas,,,,TTC16
Mipep,Neto2,,,,TTC27
Mlh3,Neurl1b,,,,TTC28
Mllt3,Nfatc2ip,,,,TTC3
Mlxip,Nfic,,,,TTC30B
Mlycd,Nfyb,,,,TTC8
Mmab,Ngly1,,,,TTLL12
Mmachc,Nhp2l1,,,,TTLL5
Mmd,Nhsl2,,,,TTLL9
Mnat1,Nipa2,,,,TTN
Mnda,Nipal3,,,,TUBB2A
Mocs3,Nkd2,,,,TUBG2
Morn1,Nkg7,,,,TUFT1
Morn2,Nlrc3,,,,TXLNB
Morn4,Nmnat2,,,,TXNRD3
Mov10,Nmral1,,,,UBE2Z
Mpeg1,Nmt1,,,,UBLCP1
Mpp1,Nmt2,,,,UBTD1
Mpp5,Nphp4,,,,URGCP
Mr1,Npm3,,,,USP11
Mrgpre,Nptn,,,,USP33
Mrpl52,Nqo1,,,,USP54
Mrps6,Nqo2,,,,USP6NL
Mrrf,Nradd,,,,UTP14B
Ms4a4c,Nrarp,,,,UTRN
Ms4a6c,Nrf1,,,,VAMP1
Msh3,Nrgn,,,,VAMP5
Msi2,Nrm,,,,VANGL2
Msl1,Nsdhl,,,,VIPR1
Msl2,Nsl1,,,,VMAC
Msl3l2,Nsmce2,,,,VPS13C
Msrb2,Nt5c3l,,,,WDPCP
Mtap1b,Ntan1,,,,WDR19
Mtap7,Nucb1,,,,WDR26
Mtap7d1,Nucks1,,,,WDR34
Mtap9,Nudt4,,,,WDR35
Mthfr,Nuf2,,,,WDR41
Mtm1,Nup107,,,,WDR59
Mtmr11,Nup133,,,,WDR60
Mtmr7,Nup155,,,,WDR92
Mtss1,Nup160,,,,WFIKKN2
Mttp,Nup205,,,,WFS1
Mtus1,Nup35,,,,WISP1
Mtx2,Nup43,,,,WLS
Muc1,Nup62,,,,WNT3
Mx1,Nup85,,,,XCL1
Mx2,Nup93,,,,XKRX
Mxd4,Nupr1,,,,XLR3B
Myb,Nusap1,,,,XPC
Myc,Nxnl2,,,,XRCC6BP1
Mycbp2,Nxt1,,,,YDJC
Myo10,Nxt2,,,,YPEL3
Myo1b,Oat,,,,ZAN
Myo1h,Obfc2a,,,,ZBTB20
Mypop,Odf2,,,,ZBTB4
N4bp2,Oip5,,,,ZC3H12D
N4bp2l1,Orc1,,,,ZC4H2
Nab1,Orc6,,,,ZDHHC1
Nab2,Osbpl1a,,,,ZDHHC23
Naf1,Osbpl3,,,,ZFAND3
Naip5,Osbpl5,,,,ZFHX2
Nanos1,Ostf1,,,,ZFP1
Naprt1,Otos,,,,ZFP119B
Narg2,Ovol2,,,,ZFP128
Nars2,P2ry12,,,,ZFP14
Nav2,P2ry13,,,,ZFP167
Nbeal1,P2ry14,,,,ZFP169
Nbn,P4hb,,,,ZFP235
Ncf2,Pabpc1l,,,,ZFP239
Nckap5l,Pacsin2,,,,ZFP28
Nckipsd,Pacsin3,,,,ZFP318
Ncoa7,Padi2,,,,ZFP346
Ncor2,Pag1,,,,ZFP36
Ncrna00086,Paics,,,,ZFP365
Ndrg2,Pak4,,,,ZFP36L1
Ndrg3,Pak6,,,,ZFP395
Ndrg4,Palb2,,,,ZFP422
Ndst2,Palm,,,,ZFP446
Nefh,Palm3,,,,ZFP467
Neil1,Paox,,,,ZFP507
Neil2,Paqr4,,,,ZFP518B
Nek4,Pask,,,,ZFP523
Nek7,Pbk,,,,ZFP526
Nenf,Pcbp4,,,,ZFP53
Net1,Pcdhgc4,,,,ZFP551
Neu1,Pcgf2,,,,ZFP566
Neu3,Pcmt1,,,,ZFP608
Neurl2,Pcna,,,,ZFP619
Neurl3,Pcyt1a,,,,ZFP667
Nf1,Pcyt1b,,,,ZFP763
Nf2,Pdcd10,,,,ZFP770
Nfe2,Pde4a,,,,ZFP777
Nfe2l2,Pdgfb,,,,ZFP78
Nfix,Pdia3,,,,ZFP783
Nfkbia,Pdia6,,,,ZFP821
Nfkbie,Pdp1,,,,ZFP831
Nhedc2,Pdss1,,,,ZFP839
Nhlrc1,Pea15a,,,,ZFP870
Ninj1,Pelo,,,,ZFP882
Nipsnap1,Perp,,,,ZFP937
Nisch,Pf4,,,,ZFP939
Nit2,Pfas,,,,ZFP94
Nle1,Pggt1b,,,,ZFR2
Nlk,Pglyrp1,,,,ZFYVE28
Nlrc4,Pgm2l1,,,,ZHX2
Nlrp1b,Pgrmc1,,,,ZHX3
Nme4,Phf13,,,,ZMAT1
Nmnat3,Phf16,,,,ZMYM6
Noc3l,Phf19,,,,ZMYND8
Nod2,Phf5a,,,,ZNRF1
Nol9,Phgdh,,,,ZSCAN18
Noxa1,Phlda1,,,,ZWINT
Noxo1,Pi4k2b,,,,
Npepl1,Picalm,,,,
Nphp1,Pif1,,,,
Npm1,Piga,,,,
Npnt,Pigf,,,,
Nprl3,Pih1d1,,,,
Nr2c1,Pik3ap1,,,,
Nr2f6,Pik3c2b,,,,
Nrbp2,Pik3cg,,,,
Nrip1,Pik3r1,,,,
Nrp1,Pik3r5,,,,
Nsg2,Pik3r6,,,,
Nt5dc3,Pion,,,,
Nt5e,Pitpnb,,,,
Nt5m,Pitpnc1,,,,
Ntf5,Piwil2,,,,
Ntng2,Pkd1l2,,,,
Ntpcr,Pkig,,,,
Ntrk3,Pkmyt1,,,,
Nudt12,Pla1a,,,,
Nudt14,Pla2g4c,,,,
Nudt6,Plac8,,,,
Nudt8,Plau,,,,
Numa1,Plcd1,,,,
Nup153,Plcg2,,,,
Oaf,Plek,,,,
Oas1a,Plekhf1,,,,
Oas1b,Plekhg3,,,,
Oas1c,Plekhh3,,,,
Oas1g,Plk1,,,,
Oas2,Plk2,,,,
Oas3,Plk4,,,,
Oasl1,Plp2,,,,
Oasl2,Plvap,,,,
Oaz2,Plxdc1,,,,
Ociad2,Plxnd1,,,,
Odc1,Pmaip1,,,,
Olfr1033,Pmf1,,,,
Optn,Pmm1,,,,
Orai1,Pmvk,,,,
Osgepl1,Poc1a,,,,
Osgin1,Poc1b,,,,
Otub2,Podnl1,,,,
Otud1,Pofut2,,,,
Otud5,Pogk,,,,
Oxr1,Pola1,,,,
Oxsr1,Pola2,,,,
P2rx4,Pold1,,,,
P2rx7,Pold2,,,,
P4htm,Pold3,,,,
Pacsin1,Pole,,,,
Padi1,Pole2,,,,
Padi4,Pole3,,,,
Pafah1b3,Pole4,,,,
Pam,Polh,,,,
Pan3,Polq,,,,
Pank1,Polr3k,,,,
Pank2,Pop1,,,,
Pank4,Pop4,,,,
Paqr3,Ppap2c,,,,
Paqr7,Ppbp,,,,
Pard6b,Ppia,,,,
Parp12,Ppib,,,,
Parp14,Ppih,,,,
Parp16,Ppil1,,,,
Parp3,Ppip5k1,,,,
Parp6,Ppm1j,,,,
Parp8,Ppm1n,,,,
Parp9,Ppp1ca,,,,
Patz1,Ppp1r12a,,,,
Pax5,Ppp1r18,,,,
Pbx4,Ppp1r2,,,,
Pbxip1,Ppp1r3b,,,,
Pcbp1,Ppp2cb,,,,
Pcbp3,Ppp2r4,,,,
Pcca,Ppp3ca,,,,
Pcdhgb6,Ppt2,,,,
Pcdhgb7,Pqlc1,,,,
Pcgf6,Pqlc3,,,,
Pcmtd2,Prc1,,,,
Pcsk1,Prdm1,,,,
Pctp,Prdx1,,,,
Pcyox1,Prdx4,,,,
Pdcd1,Prf1,,,,
Pdcd4,Prickle3,,,,
Pdcd7,Prim1,,,,
Pde11a,Prim2,,,,
Pde2a,Prkag1,,,,
Pde3b,Prkd3,,,,
Pde4d,Prkx,,,,
Pde6b,Prpf3,,,,
Pde6d,Prps1,,,,
Pde8b,Prr11,,,,
Pdf,Prr5,,,,
Pdk1,Prr5l,,,,
Pdlim1,Prrc1,,,,
Pdlim7,Prss16,,,,
Pdrg1,Prss30,,,,
Pdss2,Prss57,,,,
Pdxk,Prune,,,,
Pdxp,Psmb3,,,,
Pdzd2,Psmb7,,,,
Pdzk1ip1,Psmc3ip,,,,
Pear1,Psmd13,,,,
Pebp1,Psmd14,,,,
Pecam1,Psph,,,,
Pecr,Ptar1,,,,
Peg13,Ptger4,,,,
Peli1,Ptgir,,,,
Per2,Ptgr1,,,,
Pex1,Ptma,,,,
Pex10,Ptplad2,,,,
Pex11a,Ptplb,,,,
Pex11c,Ptpn2,,,,
Pex3,Ptpn4,,,,
Pex6,Ptprj,,,,
Pfkfb4,Ptprk,,,,
Pfkm,Ptprv,,,,
Pfn2,Ptrh2,,,,
Pgcp,Pycard,,,,
Pgm2,Pycr1,,,,
Pgpep1,Pygl,,,,
Phactr2,Pygm,,,,
Phc2,Qk,,,,
Phf15,Qrsl1,,,,
Phf7,Rab1,,,,
Phkb,Rab11fip4,,,,
Phldb3,Rab3d,,,,
Phpt1,Rab7l1,,,,
Phtf1,Racgap1,,,,
Phyh,Rad18,,,,
Pi4k2a,Rad21,,,,
Pias2,Rad50,,,,
Pibf1,Rad51,,,,
Pign,Rad51ap1,,,,
Pigp,Rad51c,,,,
Pik3ip1,Rad54b,,,,
Pik3r2,Rad54l,,,,
Pim2,Rad9,,,,
Pink1,Rai14,,,,
Pip4k2a,Raly,,,,
Pipox,Ran,,,,
Pisd,Ranbp1,,,,
Pisd-ps1,Rangap1,,,,
Pisd-ps2,Rap1b,,,,
Pja2,Rap1gap2,,,,
Pkd1,Rap2a,,,,
Pkn3,Rara,,,,
Pkp2,Rasa3,,,,
Pkp4,Rasal1,,,,
Pla2g12a,Rasd1,,,,
Plagl1,Rasgef1c,,,,
Plbd2,Rasgrp2,,,,
Plcb4,Rasl11a,,,,
Plcg1,Rasl11b,,,,
Plcl1,Rassf1,,,,
Plekha1,Rbbp8,,,,
Plekha8,Rbl1,,,,
Plekhf2,Rbl2,,,,
Plekhg2,Rbm14,,,,
Plekho1,Rbm44,,,,
Plin3,Rbms1,,,,
Plin4,Rbmx,,,,
Plk1s1,Rbmx2,,,,
Plod2,Rbmxl1,,,,
Pls3,Rcbtb2,,,,
Plscr1,Rcc1,,,,
Plscr3,Rcn1,,,,
Plxna3,Rcn3,,,,
Plxnb1,Rdbp,,,,
Plxnb2,Rdh10,,,,
Plxnc1,Rdh11,,,,
Pnck,Rdm1,,,,
Pnp2,Rdx,,,,
Pnpla7,Recql,,,,
Pnpo,Recql4,,,,
Pnrc1,Reep4,,,,
Poglut1,Reep5,,,,
Pold4,Rell1,,,,
Polg,Rfc2,,,,
Polg2,Rfc3,,,,
Polr1c,Rfc4,,,,
Polr3e,Rfc5,,,,
Pou2af1,Rftn1,,,,
Pou2f2,Rfwd3,,,,
Pou6f1,Rgs1,,,,
Ppapdc2,Rhbdf2,,,,
Ppargc1b,Rheb,,,,
Ppcdc,Rhoc,,,,
Ppic,Rhoq,,,,
Ppm1f,Rin1,,,,
Ppm1m,Rnaseh2b,,,,
Ppp1r14b,Rnaseh2c,,,,
Ppp1r15a,Rnf13,,,,
Ppp1r16a,Rnf138,,,,
Ppp2ca,Rnf141,,,,
Ppp2r3a,Rnf166,,,,
Ppp2r5e,Rnf168,,,,
Ppp4r1l-ps,Rnpep,,,,
Ppp6r1,Rod1,,,,
Ppp6r2,Rom1,,,,
Pppde1,Rora,,,,
Pptc7,Rorc,,,,
Prdm5,Rp2h,,,,
Prelid2,Rpa2,,,,
Prickle1,Rpa3,,,,
Prkaca,Rpia,,,,
Prkci,Rpn1,,,,
Prkrir,Rpn2,,,,
Prmt10,Rpp30,,,,
Prmt2,Rps27l,,,,
Prmt3,Rps6ka1,,,,
Prmt6,Rqcd1,,,,
Prnp,Rras2,,,,
Prox2,Rrbp1,,,,
Prpf40b,Rrm1,,,,
Prr24,Rrm2,,,,
Prr3,Rtel1,,,,
Prrt2,Rtkn,,,,
Prss36,Rtkn2,,,,
Prss41,Rtn4rl1,,,,
Psd,Rttn,,,,
Psen2,Runx2,,,,
Psip1,Runx3,,,,
Psma6,Rxra,,,,
Psme3,S100a1,,,,
Psmg1,S100a10,,,,
Pstpip2,S100a13,,,,
Pter,S100a4,,,,
Ptger2,S100a6,,,,
Ptges2,S1pr4,,,,
Ptgfrn,S1pr5,,,,
Ptgr2,Sacm1l,,,,
Ptk2,Sae1,,,,
Ptp4a2,Samd1,,,,
Ptplad1,Samd3,,,,
Ptpn13,Samsn1,,,,
Ptpn9,Sap18,,,,
Ptpra,Sars,,,,
Ptprs,Sars2,,,,
Ptrh1,Sass6,,,,
Pus1,Scpep1,,,,
Pus7,Scrn3,,,,
Pvt1,Sdcbp2,,,,
Pydc3,Sdf2l1,,,,
Pydc4,Sdhd,,,,
Qsox2,Sec11c,,,,
Qtrt1,Sec23b,,,,
Qtrtd1,Sec24d,,,,
Rab10,Sec61a1,,,,
Rab11fip3,Sec61b,,,,
Rab24,Selm,,,,
Rab2b,Selplg,,,,
Rab31,Sema4a,,,,
Rab32,Sephs1,,,,
Rab35,Sephs2,,,,
Rab37,Sepn1,,,,
Rab39b,11-Sep,,,,
Rab5a,4-Sep,,,,
Rab6b,5-Sep,,,,
Rabl2,Serinc3,,,,
Rabl5,Serpina3f,,,,
Rac1,Serpina3g,,,,
Rai1,Serpinb1a,,,,
Ralb,Serpinb1b,,,,
Ralgapa1,Serpinb6b,,,,
Ralgapa2,Serpinb9,,,,
Ralgapb,Serpinb9b,,,,
Ralgds,Serpine2,,,,
Ralgps1,Serpini1,,,,
Ramp1,Setd8,,,,
Ramp3,Setdb2,,,,
Rangrf,Sfmbt1,,,,
Rapgef1,Sfn,,,,
Rapgef4,Sgcb,,,,
Rapgef5,Sgk1,,,,
Rapsn,Sgk3,,,,
Rarg,Sgol1,,,,
Rasa1,Sgol2,,,,
Rasa2,Sh2d5,,,,
Rasgef1a,Sh3bgrl3,,,,
Rasgrf1,Sh3bp1,,,,
Rasgrp1,Sh3bp2,,,,
Rasgrp4,Shc4,,,,
Rassf2,Shcbp1,,,,
Rb1cc1,Sidt1,,,,
Rbbp9,Sik1,,,,
Rbm11,Sike1,,,,
Rbm15b,Sirt1,,,,
Rbm26,Sirt2,,,,
Rbm33,Sit1,,,,
Rbpms2,Siva1,,,,
Rc3h1,Ska1,,,,
Rcbtb1,Skp2,,,,
Rcl1,Sla,,,,
Rd3,Sla2,,,,
Rdh12,Slamf1,,,,
Rdh13,Slamf7,,,,
Rdh5,Slbp,,,,
Rdh9,Slc11a1,,,,
Rec8,Slc16a10,,,,
Reep2,Slc16a6,,,,
Reep3,Slc17a9,,,,
Relb,Slc20a1,,,,
Rem2,Slc25a10,,,,
Rere,Slc25a24,,,,
Rest,Slc25a30,,,,
Rev1,Slc25a38,,,,
Rev3l,Slc25a40,,,,
Rexo2,Slc25a43,,,,
Rfx5,Slc26a10,,,,
Rfx7,Slc26a6,,,,
Rgl2,Slc27a4,,,,
Rgmb,Slc2a3,,,,
Rgs10,Slc31a1,,,,
Rgs8,Slc33a1,,,,
Rhbdd2,Slc35b1,,,,
Rhbdd3,Slc35d1,,,,
Rhob,Slc38a2,,,,
Rhobtb2,Slc3a2,,,,
Rhod,Slc41a2,,,,
Rhoh,Slc43a3,,,,
Ripk2,Slc4a2,,,,
Rltpr,Slc52a3,,,,
Rnf103,Slc6a20a,,,,
Rnf11,Slc9a3r1,,,,
Rnf111,Slco4a1,,,,
Rnf126,Slfn3,,,,
Rnf128,Slk,,,,
Rnf135,Slmo2,,,,
Rnf145,Smad7,,,,
Rnf149,Smc2,,,,
Rnf157,Smc3,,,,
Rnf167,Smc4,,,,
Rnf187,Smpd1,,,,
Rnf19a,Smpd4,,,,
Rnf215,Smpdl3b,,,,
Rnf32,Sms,,,,
Rnf38,Smtn,,,,
Rnf43,Smug1,,,,
Rnls,Snai3,,,,
Rnpepl1,Snrnp35,,,,
Rogdi,Snrpa,,,,
Ropn1l,Snrpa1,,,,
Rpap3,Snrpd1,,,,
Rpgr,Snx10,,,,
Rpgrip1,Snx25,,,,
Rph3al,Snx5,,,,
Rpl10a,Snx9,,,,
Rpl11,Soat2,,,,
Rpl12,Socs2,,,,
Rpl13,Sord,,,,
Rpl15,Sowahc,,,,
Rpl17,Sp4,,,,
Rpl18a,Spag1,,,,
Rpl21,Spag5,,,,
Rpl22,Spats2,,,,
Rpl23,Spc24,,,,
Rpl23a,Spc25,,,,
Rpl27a,Spice1,,,,
Rpl31,Spn,,,,
Rpl32,Sppl3,,,,
Rpl35,Spryd3,,,,
Rpl36,Spty2d1,,,,
Rpl36a,Sqle,,,,
Rpl37,Srd5a1,,,,
Rpl37a,Srgap3,,,,
Rpl39,Srsf3,,,,
Rpl4,Srsf7,,,,
Rpl9,Ss18,,,,
Rplp1,Ssna1,,,,
Rpp38,Ssr1,,,,
Rpp40,Ssr3,,,,
Rps12,Ssrp1,,,,
Rps15a,St14,,,,
Rps15a-ps4,St3gal4,,,,
Rps18,St3gal6,,,,
Rps19,Stag3,,,,
Rps20,Stard4,,,,
Rps21,Steap3,,,,
Rps23,Stil,,,,
Rps24,Stk32c,,,,
Rps26,Stmn1,,,,
Rps27a,Stmn2,,,,
Rps28,Ston2,,,,
Rps29,Stt3a,,,,
Rps3a,Stx12,,,,
Rps6,Stxbp5,,,,
Rps6kc1,Sub1,,,,
Rps7,Sult2b1,,,,
Rps9,Sult4a1,,,,
Rsad2,Sun1,,,,
Rsu1,Surf4,,,,
Rtp4,Suv39h1,,,,
Rufy1,Sv2c,,,,
Rundc3a,Svil,,,,
Rundc3b,Swap70,,,,
Rwdd3,Syce2,,,,
Ryk,Syk,,,,
Ryr1,Syn3,,,,
Ryr3,Syngr3,,,,
S100a3,Sytl1,,,,
S1pr2,Sytl2,,,,
Sall2,Tacc3,,,,
Samd10,Tada1,,,,
Sart1,Taf6,,,,
Sbk2,Tagln2,,,,
Sbsn,Tanc2,,,,
Scaf11,Tardbp,,,,
Scaf4,Tax1bp1,,,,
Scamp1,Tax1bp3,,,,
Scand1,Tbc1d2,,,,
Scaper,Tbkbp1,,,,
Sccpdh,Tbl2,,,,
Scd2,Tbx21,,,,
Scmh1,Tceb1,,,,
Scml4,Tcf19,,,,
Scn11a,Tdrkh,,,,
Scn8a,Tenc1,,,,
Scrib,Tes,,,,
Scrn2,Tesk2,,,,
Sdad1,Tfb1m,,,,
Sdc1,Tfeb,,,,
Sdc3,Tfip11,,,,
Sdhaf1,Tg,,,,
Sec14l1,Th1l,,,,
Sec22a,Thbs1,,,,
Sell,Thoc6,,,,
Sema4b,Thy1,,,,
Senp8,Tifab,,,,
Sepw1,Tigd3,,,,
Serac1,Timeless,,,,
Serf1,Tinf2,,,,
Serinc5,Tipin,,,,
Serpinf1,Tk1,,,,
Sesn3,Tktl1,,,,
Sestd1,Tle1,,,,
Setbp1,Tm6sf1,,,,
Setd4,Tmbim1,,,,
Sfi1,Tmbim4,,,,
Sfmbt2,Tmc6,,,,
Sft2d3,Tmc8,,,,
Sfxn5,Tmcc3,,,,
Sgip1,Tmed5,,,,
Sgpp1,Tmed9,,,,
Sgpp2,Tmem107,,,,
Sgsh,Tmem109,,,,
Sgsm2,Tmem129,,,,
Sh2b3,Tmem14c,,,,
Sh2d1a,Tmem151a,,,,
Sh3bp5,Tmem154,,,,
Sh3d19,Tmem159,,,,
Sh3rf1,Tmem163,,,,
Sh3tc1,Tmem171,,,,
Siae,Tmem176a,,,,
Siah2,Tmem176b,,,,
Siah3,Tmem194,,,,
Sipa1l1,Tmem221,,,,
Sirt5,Tmem30a,,,,
Skp1a,Tmem37,,,,
Slain2,Tmem41b,,,,
Slamf6,Tmem48,,,,
Slc11a2,Tmem53,,,,
Slc12a8,Tmem97,,,,
Slc15a1,Tmem9b,,,,
Slc15a4,Tmf1,,,,
Slc16a5,Tmod3,,,,
Slc19a1,Tmpo,,,,
Slc1a4,Tmprss13,,,,
Slc22a15,Tmsb4x,,,,
Slc25a1,Tmtc4,,,,
Slc25a13,Tnfrsf13c,,,,
Slc25a15,Tnfrsf18,,,,
Slc25a19,Tnfrsf1a,,,,
Slc25a23,Tnfrsf1b,,,,
Slc25a27,Tnfsf10,,,,
Slc25a36,Tnfsf9,,,,
Slc25a39,Toe1,,,,
Slc25a42,Tomt,,,,
Slc26a11,Tonsl,,,,
Slc26a2,Top2a,,,,
Slc27a1,Tpm3,,,,
Slc29a2,Tpm4,,,,
Slc2a6,Tppp3,,,,
Slc35f5,Tpst2,,,,
Slc36a4,Tpx2,,,,
Slc38a7,Traip,,,,
Slc39a11,Tram2,,,,
Slc39a13,Trappc6b,,,,
Slc41a1,Treml1,,,,
Slc43a1,Trex1,,,,
Slc45a4,Trim13,,,,
Slc46a1,Trim16,,,,
Slc52a2,Trim36,,,,
Slc5a3,Trim72,,,,
Slc5a6,Trip10,,,,
Slc7a7,Trip13,,,,
Slc9a7,Trip4,,,,
Slc9a9,Troap,,,,
Slfn5,Trp53i13,,,,
Slpi,Trp73,,,,
Smad1,Trpc2,,,,
Smad5,Trub2,,,,
Smap1,Tsga10,,,,
Smarcd2,Tshz1,,,,
Smox,Tspan2,,,,
Smyd2,Tspan4,,,,
Smyd3,Tssc4,,,,
Smyd4,Ttc30a1,,,,
Smyd5,Ttc7,,,,
Snap47,Ttc7b,,,,
Snapc4,Ttf2,,,,
Snapin,Ttk,,,,
Snhg1,Ttl,,,,
Snhg12,Ttyh2,,,,
Snhg8,Tuba1a,,,,
Snhg9,Tuba1b,,,,
Snn,Tuba1c,,,,
Snora64,Tuba4a,,,,
Snora65,Tubb1,,,,
Snx20,Tubb4b,,,,
Snx29,Tubb5,,,,
Snx30,Tube1,,,,
Snx33,Tubg1,,,,
Socs1,Tubgcp2,,,,
Socs3,Txn1,,,,
Socs5,Txndc5,,,,
Socs7,Tyms,,,,
Sostdc1,Tyr,,,,
Sox5,Uap1,,,,
Sp6,Uba3,,,,
Sphk2,Ubash3b,,,,
Spint1,Ube1y1,,,,
Spint2,Ube2a,,,,
Spnb1,Ube2c,,,,
Spo11,Ube2g2,,,,
Spock2,Ube2s,,,,
Spr,Ube2t,,,,
Spry1,Ubl4,,,,
Spryd4,Ubxn11,,,,
Spsb1,Ubxn8,,,,
Sqrdl,Uchl5,,,,
Srm,Uevld,,,,
Srrm2,Ufm1,,,,
Srsf12,Ugcg,,,,
Srxn1,Uhrf1,,,,
Ssbp2,Ulbp1,,,,
Ssbp3,Umps,,,,
Ssbp4,Unc5cl,,,,
Ssfa2,Unc79,,,,
Ssh2,Ung,,,,
Ssh3,Upk1a,,,,
Ssx2ip,Uqcrfs1,,,,
St13,Usp20,,,,
St3gal2,Usp37,,,,
St6galnac1,Usp46,,,,
St7,Usp48,,,,
Stard5,Ust,,,,
Stat2,Vamp3,,,,
Stat5a,Vars,,,,
Stat5b,Vash1,,,,
Stc2,Vaultrc5,,,,
Stim2,Vax2,,,,
Stk11,Vcl,,,,
Stk3,Vdac3,,,,
Stk39,Vim,,,,
Stoml1,Vkorc1l1,,,,
Ston1,Vopp1,,,,
Strbp,Vprbp,,,,
Strn4,Vps37b,,,,
Stx11,Vps37c,,,,
Stx16,Wbp2,,,,
Stx4a,Wbp5,,,,
Stx6,Wdhd1,,,,
Stxbp1,Wdr5,,,,
Suclg1,Wdr62,,,,
Suds3,Wdr67,,,,
Sufu,Wdr76,,,,
Sun2,Wdr8,,,,
Susd2,Wdr90,,,,
Susd4,Wdr95,,,,
Suv420h1,Wisp1,,,,
Suv420h2,Wiz,,,,
Synj2,Wscd2,,,,
Synpo,X99384,,,,
Syt11,Xcr1,,,,
Tacstd2,Xdh,,,,
Taf10,Xkr5,,,,
Taf4b,Xkr8,,,,
Taf5l,Xrcc2,,,,
Tagap,Xrcc3,,,,
Tagap1,Ykt6,,,,
Tank,Yod1,,,,
Tapt1,Ypel1,,,,
Tasp1,Ywhaz,,,,
Taz,Yy2,,,,
Tbc1d19,Zbed4,,,,
Tbc1d30,Zbtb16,,,,
Tbc1d4,Zbtb42,,,,
Tbc1d5,Zbtb8a,,,,
Tbrg3,Zcchc18,,,,
Tceal3,Zcwpw1,,,,
Tcf12,Zdhhc15,,,,
Tcf7,Zdhhc18,,,,
Tcn2,Zdhhc21,,,,
Tcp11l2,Zeb2,,,,
Tctex1d2,Zfp101,,,,
Tctn2,Zfp300,,,,
Tdrd7,Zfp341,,,,
Telo2,Zfp367,,,,
Tert,Zfp382,,,,
Tesc,Zfp473,,,,
Tespa1,Zfp511,,,,
Tfcp2,Zfp652,,,,
Tfdp2,Zfp69,,,,
Tfe3,Zfp808,,,,
Tfpi,Zfp934,,,,
Tgfb3,Zik1,,,,
Tgfbr3,Zmiz1,,,,
Tgfbrap1,Zmynd10,,,,
Tgif1,Zranb3,,,,
Tgif2,Zrsr1,,,,
Tgtp1,Zw10,,,,
Tha1,Zwilch,,,,
Thada,Zyx,,,,
Thap2,,,,,
Thap4,,,,,
Thbs3,,,,,
Thnsl1,,,,,
Thnsl2,,,,,
Thra,,,,,
Thumpd2,,,,,
Tiam1,,,,,
Tigd2,,,,,
Timm9,,,,,
Tirap,,,,,
Tjp2,,,,,
Tk2,,,,,
Tlcd2,,,,,
Tle3,,,,,
Tlr1,,,,,
Tlr2,,,,,
Tlr3,,,,,
Tlr7,,,,,
Tlr9,,,,,
Tm6sf2,,,,,
Tm7sf2,,,,,
Tmc3,,,,,
Tmc4,,,,,
Tmcc1,,,,,
Tmem106c,,,,,
Tmem110,,,,,
Tmem120b,,,,,
Tmem121,,,,,
Tmem131,,,,,
Tmem136,,,,,
Tmem141,,,,,
Tmem146,,,,,
Tmem149,,,,,
Tmem158,,,,,
Tmem17,,,,,
Tmem173,,,,,
Tmem181b-ps,,,,,
Tmem191c,,,,,
Tmem2,,,,,
Tmem216,,,,,
Tmem220,,,,,
Tmem38a,,,,,
Tmem38b,,,,,
Tmem42,,,,,
Tmem5,,,,,
Tmem55a,,,,,
Tmem55b,,,,,
Tmem65,,,,,
Tmem67,,,,,
Tmem86a,,,,,
Tmem9,,,,,
Tmprss11e,,,,,
Tmx4,,,,,
Tnc,,,,,
Tnf,,,,,
Tnfaip8,,,,,
Tnfrsf13b,,,,,
Tnfrsf14,,,,,
Tnfrsf22,,,,,
Tnfrsf23,,,,,
Tnfrsf25,,,,,
Tnfrsf26,,,,,
Tnfrsf4,,,,,
Tnfsf11,,,,,
Tnfsf13b,,,,,
Tnfsf14,,,,,
Tnfsf8,,,,,
Tnip1,,,,,
Tnip2,,,,,
Tnni1,,,,,
Tnp2,,,,,
Tnrc6a,,,,,
Tns1,,,,,
Tom1l2,,,,,
Tomm70a,,,,,
Top1mt,,,,,
Tor1aip2,,,,,
Tor3a,,,,,
Tox,,,,,
Tox2,,,,,
Tpd52,,,,,
Tprgl,,,,,
Traf1,,,,,
Traf5,,,,,
Trak1,,,,,
Trappc9,,,,,
Trat1,,,,,
Treml2,,,,,
Trerf1,,,,,
Trib2,,,,,
Trib3,,,,,
Trim12a,,,,,
Trim14,,,,,
Trim2,,,,,
Trim28,,,,,
Trim30d,,,,,
Trim34a,,,,,
Trim56,,,,,
Trim62,,,,,
Trim8,,,,,
Trio,,,,,
Trit1,,,,,
Trmt61a,,,,,
Trp53inp1,,,,,
Trpc4ap,,,,,
Trpm1,,,,,
Trpm6,,,,,
Trub1,,,,,
Tsc22d1,,,,,
Tsga14,,,,,
Tshz2,,,,,
Tspan13,,,,,
Tspan3,,,,,
Tspan32,,,,,
Tspan5,,,,,
Tspan6,,,,,
Tspyl2,,,,,
Ttbk2,,,,,
Ttc27,,,,,
Ttc3,,,,,
Ttc30b,,,,,
Ttc38,,,,,
Ttc8,,,,,
Ttll5,,,,,
Ttll9,,,,,
Ttn,,,,,
Tuba8,,,,,
Tubb2a,,,,,
Tubb2b,,,,,
Tubg2,,,,,
Tuft1,,,,,
Tusc2,,,,,
Txlnb,,,,,
Txnrd2,,,,,
Txnrd3,,,,,
Uap1l1,,,,,
Uba7,,,,,
Ube2q2,,,,,
Ube2r2,,,,,
Ube2z,,,,,
Ubfd1,,,,,
Ubl3,,,,,
Ublcp1,,,,,
Ubn1,,,,,
Ubqln1,,,,,
Ubqln2,,,,,
Ubr2,,,,,
Ubr4,,,,,
Ubtd1,,,,,
Ubtd2,,,,,
Ulk2,,,,,
Upf2,,,,,
Urb1,,,,,
Use1,,,,,
Usp12,,,,,
Usp18,,,,,
Usp25,,,,,
Usp28,,,,,
Usp30,,,,,
Usp33,,,,,
Usp35,,,,,
Usp40,,,,,
Usp53,,,,,
Usp54,,,,,
Usp6nl,,,,,
Utp14b,,,,,
Utrn,,,,,
Uty,,,,,
Vamp1,,,,,
Vamp5,,,,,
Vars2,,,,,
Vav2,,,,,
Vegfb,,,,,
Vipr1,,,,,
Vipr2,,,,,
Vmac,,,,,
Vmn2r96,,,,,
Vps13a,,,,,
Vps13c,,,,,
Vwa5a,,,,,
Vwde,,,,,
Wac,,,,,
Wbscr16,,,,,
Wbscr27,,,,,
Wdfy2,,,,,
Wdpcp,,,,,
Wdr11,,,,,
Wdr12,,,,,
Wdr19,,,,,
Wdr25,,,,,
Wdr26,,,,,
Wdr35,,,,,
Wdr41,,,,,
Wdr46,,,,,
Wdr59,,,,,
Wdr6,,,,,
Wdr73,,,,,
Wdr77,,,,,
Wdr92,,,,,
Wfikkn2,,,,,
Whamm,,,,,
Whrn,,,,,
Wls,,,,,
Wnt3,,,,,
Xk,,,,,
Xpc,,,,,
Xpot,,,,,
Xrcc6bp1,,,,,
Yars2,,,,,
Ybx1,,,,,
Ydjc,,,,,
Yipf2,,,,,
Ypel2,,,,,
Ypel3,,,,,
Yrdc,,,,,
Ythdc1,,,,,
Ythdf1,,,,,
Zan,,,,,
Zbed3,,,,,
Zbtb20,,,,,
Zbtb26,,,,,
Zbtb4,,,,,
Zbtb46,,,,,
Zc3h12d,,,,,
Zc4h2,,,,,
Zcchc12,,,,,
Zdhhc1,,,,,
Zdhhc23,,,,,
Zdhhc8,,,,,
Zer1,,,,,
Zfand1,,,,,
Zfand3,,,,,
Zfc3h1,,,,,
Zfhx2,,,,,
Zfp1,,,,,
Zfp106,,,,,
Zfp109,,,,,
Zfp119a,,,,,
Zfp119b,,,,,
Zfp12,,,,,
Zfp14,,,,,
Zfp167,,,,,
Zfp169,,,,,
Zfp174,,,,,
Zfp187,,,,,
Zfp192,,,,,
Zfp217,,,,,
Zfp219,,,,,
Zfp238,,,,,
Zfp239,,,,,
Zfp280d,,,,,
Zfp281,,,,,
Zfp295,,,,,
Zfp296,,,,,
Zfp316,,,,,
Zfp346,,,,,
Zfp358,,,,,
Zfp36,,,,,
Zfp362,,,,,
Zfp365,,,,,
Zfp36l1,,,,,
Zfp36l2,,,,,
Zfp386,,,,,
Zfp422,,,,,
Zfp428,,,,,
Zfp442,,,,,
Zfp444,,,,,
Zfp446,,,,,
Zfp449,,,,,
Zfp451,,,,,
Zfp455,,,,,
Zfp467,,,,,
Zfp493,,,,,
Zfp507,,,,,
Zfp513,,,,,
Zfp518b,,,,,
Zfp523,,,,,
Zfp526,,,,,
Zfp551,,,,,
Zfp579,,,,,
Zfp59,,,,,
Zfp608,,,,,
Zfp61,,,,,
Zfp612,,,,,
Zfp623,,,,,
Zfp64,,,,,
Zfp661,,,,,
Zfp667,,,,,
Zfp687,,,,,
Zfp704,,,,,
Zfp710,,,,,
Zfp746,,,,,
Zfp759,,,,,
Zfp770,,,,,
Zfp771,,,,,
Zfp773,,,,,
Zfp777,,,,,
Zfp78,,,,,
Zfp783,,,,,
Zfp799,,,,,
Zfp820,,,,,
Zfp821,,,,,
Zfp827,,,,,
Zfp831,,,,,
Zfp839,,,,,
Zfp846,,,,,
Zfp870,,,,,
Zfp90,,,,,
Zfp93,,,,,
Zfp937,,,,,
Zfp939,,,,,
Zfp94,,,,,
Zfp946,,,,,
Zfp947,,,,,
Zfpm1,,,,,
Zfr2,,,,,
Zfyve28,,,,,
Zhx2,,,,,
Zhx3,,,,,
Zkscan1,,,,,
Zkscan3,,,,,
Zmym3,,,,,
Zmym4,,,,,
Zmym6,,,,,
Zmynd8,,,,,
Znf512b,,,,,
Znrd1as,,,,,
Znrf1,,,,,
Zscan10,,,,,
Zscan12,,,,,
Zscan2,,,,,
Zswim4,,,,,
Zwint,,,,,
Zxdc,,,,,